-- phpMyAdmin SQL Dump
-- version 4.5.4.1deb2ubuntu2
-- http://www.phpmyadmin.net
--
-- Host: localhost
-- Generation Time: Mar 19, 2017 at 09:41 PM
-- Server version: 5.7.15-0ubuntu0.16.04.1
-- PHP Version: 7.0.15-0ubuntu0.16.04.4

SET SQL_MODE = "NO_AUTO_VALUE_ON_ZERO";
SET time_zone = "+00:00";


/*!40101 SET @OLD_CHARACTER_SET_CLIENT=@@CHARACTER_SET_CLIENT */;
/*!40101 SET @OLD_CHARACTER_SET_RESULTS=@@CHARACTER_SET_RESULTS */;
/*!40101 SET @OLD_COLLATION_CONNECTION=@@COLLATION_CONNECTION */;
/*!40101 SET NAMES utf8mb4 */;

--
-- Database: `samlicense_`
--

-- --------------------------------------------------------

--
-- Table structure for table `institusi`
--

CREATE TABLE `institusi` (
  `id_institusi` int(11) NOT NULL,
  `nama_institusi` varchar(45) NOT NULL,
  `alamat_institusi` varchar(150) NOT NULL,
  `telp_institusi` varchar(45) DEFAULT NULL,
  `id_jenis_institusi` int(11) NOT NULL,
  `tgl_buat` timestamp NOT NULL DEFAULT CURRENT_TIMESTAMP ON UPDATE CURRENT_TIMESTAMP,
  `tgl_update` timestamp NULL DEFAULT NULL
) ENGINE=InnoDB DEFAULT CHARSET=utf8;

--
-- Dumping data for table `institusi`
--

INSERT INTO `institusi` (`id_institusi`, `nama_institusi`, `alamat_institusi`, `telp_institusi`, `id_jenis_institusi`, `tgl_buat`, `tgl_update`) VALUES
(1, 'ADMINDUK', 'KALIBATA', '217288980', 1, '2016-10-31 08:38:15', '2016-10-31 08:38:15'),
(2, 'PT INDOSAT', 'JAKARTA', '2130111111', 4, '2016-10-31 08:38:15', '2016-10-31 08:38:15'),
(3, 'BPJS KETENAGAKERJAAN', 'JL GATOT SUBROTO NO 79 JAKARTA SELATAN', '215207797', 5, '2016-10-31 08:38:15', '2016-10-31 08:38:15'),
(4, 'BANK CENTRAL ASIA (BCA)', 'Menara BCA Grand Indonesia, Jl. M.H. Thamrin No. 1, Jakarta Pusat, 10310', '021-23588000, Fax. 021-23588300', 2, '2016-10-31 08:38:15', '2016-10-31 08:38:15'),
(5, 'BIOMORF', 'sudirman', '81288881703', 6, '2016-10-31 08:38:15', '2016-10-31 08:38:15'),
(6, 'BANK NEGARA INDONESIA (BNI)', 'Gedung BNI 46,Lantai4 Divisi Pengelolaan Jaringan Jalan Jend Sudirman Kav 1 Jakarta Pusat', '021 2511946 ext 2123', 2, '2016-10-31 08:38:15', '2016-10-31 08:38:15'),
(7, 'DISDUKCAPIL KOTA MAGELANG', 'Jl. Veteran No. 7 Magelang', '0293 - 362070', 7, '2016-10-31 08:38:14', '2016-10-31 08:38:14'),
(8, 'DISDUKCAPIL KAB BEKASI', 'KOMP.PUSAT PEMERINTAHAN KAB BEKASI DELTA MAS DESA SUKAMAHI KEC CIKARANG PUSAT', '85319612430', 7, '2016-10-31 08:38:15', '2016-10-31 08:38:15'),
(9, 'DIVISI IT BANK SINARMAS', 'Plaza Simas lt. 5 Jl. Fachrudin Tanah Abang Jakarta Pusat', '(021)31990101', 2, '2016-10-31 08:38:15', '2016-10-31 08:38:15'),
(10, 'TRISAKTI', 'Jl.Prof.Dr.Hamka No.9 Purwoyoso,Ngaliyan Semarang', '62247603555', 6, '2016-10-31 08:38:15', '2016-10-31 08:38:15'),
(12, 'BANK TABUNGAN NEGARA TBK', 'Kantor Pusat  Menara Bank BTN  Jl. Gaiah Mada No.1, Jakarta Pusat', '021.633 6789', 2, '2016-10-31 08:38:15', '2016-10-31 08:38:15'),
(13, 'BANK BPD SUMSEL', 'Jl. Gubernur H.Ahmad Bastari No. 7 Kel. Silaberanti Kec. Seberang Ulu I', '8127830288', 2, '2016-10-31 08:38:16', '2016-10-31 08:38:16'),
(14, 'PEMKAB CIREBON', 'Komplek perkantoran Jl.Sunan Muria 4', '0231 321264', 7, '2016-10-31 08:38:16', '2016-10-31 08:38:16'),
(15, 'PEMKAB BANTUL', 'Jl.Lingkar Timur Manding Trirenggo Bantul', '367526', 7, '2016-10-31 08:38:14', '2016-10-31 08:38:14'),
(16, 'PEMKAB SERUYAN', 'Jl.Jenderal Sudirman', '0538 2022348', 7, '2016-10-31 08:38:15', '2016-10-31 08:38:15'),
(17, 'PEMKOT PEKALONGAN', 'Jl.Majapahit No.5', '0285 421243', 7, '2016-10-31 08:38:14', '2016-10-31 08:38:14'),
(18, 'PEMKAB GROBOGAN', 'Jl. Dr. Sutomo No. 5 Purwodadi  5811', '0292 421940', 7, '2016-10-31 08:38:15', '2016-10-31 08:38:15'),
(19, 'PEMKAB BANYUWANGI', 'Jl. Letkol Istiqlah No. 68 Banyuwangi', '62 333 424234', 7, '2016-10-31 08:38:15', '2016-10-31 08:38:15'),
(20, 'PEMKAB MEMPAWAH', 'Jalan Raden Kusno', '0561 691131', 7, '2016-10-31 08:38:16', '2016-10-31 08:38:16'),
(21, 'BANK RAKYAT INDONESIA (PERSERO)', 'Jl. Jenderal Sudirman No. 44-46 Tromol Pos 1094/1000, Jakarta 10210', '021-2510244, 2510254, Fac : 021-2500065', 2, '2016-10-31 08:38:15', '2016-10-31 08:38:15'),
(22, 'RSU KOTA TANGERANG SELATAN', 'Jalan Raya Pajajan No. 101 Pamulang,', '021-74718440 (CS)/021-7492398', 7, '2016-10-31 08:38:15', '2016-10-31 08:38:15'),
(23, 'DINKES KOTA TANGERANG SELATAN', 'Jalan Cendekia BSD Sektor XI, Serpong', '021-7441557, Fax 021-7441236', 7, '2016-10-31 08:38:15', '2016-10-31 08:38:15'),
(25, 'DISDUKCAPIL KAB GROBOGAN', 'Jl. Dr. Sutomo No. 5 Purwodadi, 58111', '0292 - 421940', 7, '2016-10-31 08:38:15', '2016-10-31 08:38:15'),
(27, 'DISDUKCAPIL KOTA YOGYAKARTA', 'Jl. Kenari No. 56 Yogyakarta Kode Pos 55165', '0274-514448, 515865, 515866, 562682', 7, '2016-10-31 08:38:15', '2016-10-31 08:38:15'),
(28, 'BNP2TKI', 'Jl. MT. Haryono Kav. 52 Jakarta 12770', '021-79197318, FAX. 021-79194827', 1, '2016-10-31 08:38:15', '2016-10-31 08:38:15'),
(29, 'DISDUKCAPIL KAB KUNINGAN', 'Jl. R.E. Martadinata, Ancaran, Kuningan, 45551', '0232-873969, Fax. 0232-8883042', 7, '2016-10-31 08:38:15', '2016-10-31 08:38:15'),
(30, 'DISDUKCAPIL KAB. KOTAWARINGIN TIMUR', 'JL. H.M. ARSYAD NO. 1000, SAMPIT', '0531-21594', 7, '2016-10-31 08:38:15', '2016-10-31 08:38:15'),
(31, 'BPPT', 'JL. MH. THAMRIN NO. 8, JAKARTA 10340', 'TELP. 021-3168200-8224, FAX. 021-3904537', 1, '2016-10-31 08:38:15', '2016-10-31 08:38:15'),
(32, 'PT. TELKOM SIGMA', 'JL. KAPTEN SUBIJANTO DJ BSD CITY TANGERANG SELATAN, BANTEN', '21', 8, '2016-10-31 08:38:15', '2016-10-31 08:38:15'),
(33, 'DUKCAPIL KOTA DENPASAR', 'JL. MAJAPAHIT NO. 1 LUMINTANG', 'TELP. 0361-428597 FAX. 0361-425851', 7, '2016-10-31 08:38:15', '2016-10-31 08:38:15'),
(34, 'BIROPEM KALTENG', 'JL. RTA. MILONO NO.1', 'TELP/FAX : 0536-3221361, 3242216', 9, '2016-10-31 08:38:15', '2016-10-31 08:38:15'),
(35, 'DUKCAPIL KOTA BLITAR', 'JL. KENARI NO.66, BLITAR', '0342-810548', 7, '2016-10-31 08:38:15', '2016-10-31 08:38:15'),
(36, 'PT. TELKOMSEL', 'WISMA MULIA MEZZANINE LT. 18, JL. JENDERAL GATOT SUBROTO NO. 42, JAKARTA 12710', 'TELP. 021-5240811, FAX. 021-52906091', 8, '2016-10-31 08:38:16', '2016-10-31 08:38:16'),
(37, 'BADAN NARKOTIKA NASIONAL', 'Jl. MT. haryono No.11 Cawang Jakarta Timur', '021-80871566, 80871567', 1, '2016-10-31 08:38:16', '2016-10-31 08:38:16'),
(38, 'DISDUKCAPIL KT PEKALONGAN', 'JL. MAJAPAHIT NO. 18, PEKALONGAN 51111', '0285-422814', 7, '2016-10-31 08:38:15', '2016-10-31 08:38:15'),
(39, 'PT. Kustodian Sentral Efek Indonesia (KSEI)', 'Indonesia Stock Exchange Building 1st Tower 5th Floor, Jl. Jend. Sudirman Kav. 52-53, Jakarta 12190', '6221-52991099, FAX 6221-52991199', 8, '2016-10-31 08:38:15', '2016-10-31 08:38:15'),
(40, 'DUKCAPIL KAB BOYOLALI', 'Komplek Perkantoran Terpadu, Jl. Merdeka Timur, Kemiri, Boyolali 57321, Jateng', 'Telp. 0276-322130; Fax. 0276-320029', 7, '2016-10-31 08:38:15', '2016-10-31 08:38:15'),
(41, 'BANK KALBAR', 'Jl. Rahadi Osman No. 10 Pontianak 78117, Kotak Pos 144', '0561-732148, Fax. 05661- 745148', 2, '2016-10-31 08:38:16', '2016-10-31 08:38:16'),
(42, 'DISDUKCAPIL KAB PURWOREJO', 'Jl. Tentara Pelajar Km. 4, Purworejo, 54171', 'Telp. 0275-325540; Fx. 0275-323777', 7, '2016-10-31 08:38:15', '2016-10-31 08:38:15'),
(43, 'DISDUKCAPIL KAB SRAGEN', 'Jl. Diponegoro No. 08, Sragen, 57211', '0271-891015', 7, '2016-10-31 08:38:15', '2016-10-31 08:38:15'),
(44, 'BPR BUMIBEKASI ARTHA', 'Jl. Veteran No. 29, Bekasi Selatan', 'TELP. 021-8842704, FAX. 021 8842794', 2, '2016-10-31 08:38:15', '2016-10-31 08:38:15'),
(45, 'BPR SUPRA ARTAPERSADA', 'Jl. Raya Cisaat No. 124, Sukabumi 43152', 'Telp. 0266-223388, Fax. 0266-226288', 2, '2016-10-31 08:38:15', '2016-10-31 08:38:15'),
(46, 'BPR KARYAJATNIKA SADAYA', 'Jl. Abdurachman Saleh No. 2 Bandung, 40174', 'Telp. 022-6033236 (Hunting)', 2, '2016-10-31 08:38:15', '2016-10-31 08:38:15'),
(47, 'PT. BANK OCBC NISP Tbk', 'OCBC NISP Tower, Jl. Prof.Dr. Satrio Kav. 25, Jakarta, 12940', 'Telp. 021-25533888, Fax. 021-57944000', 2, '2016-11-01 09:38:43', '2016-11-01 09:38:43'),
(48, 'DISDUKCAPIL KOTA BANJAR', 'Jl. Raya Siliwangi Km. 03, Banjar, 46332', 'Telp. 0265-2733412, Fax. 0265-2733413', 7, '2016-11-01 09:38:43', '2016-11-01 09:38:43'),
(49, 'PT. TRIMEGAH SECURITIES Tbk', 'Gd. Artha Graha lt. 18 & 19, Jl. Jend. Sudirman Kav. 52-53, Jakarta, 12190', 'Telp. 021-29249088, Fax. 021-29249150', 8, '2016-11-01 09:38:43', '2016-11-01 09:38:43'),
(50, 'BPR DANA KARUNIA SEJAHTRA', 'Jl. Simpang Tiga No. 49, Bekasi 17511', 'Telp. 021-88368645, Fax. 021-88368653', 2, '2016-11-01 09:39:16', '2016-11-01 09:39:16'),
(51, 'PT. BANK RIAU KEPRI', 'Jl. Jend. Sudirman No. 377, Pekanbaru, 28116', 'Telp. 0761-37050, 37060 Fax. 0761-21195,28322', 2, '2016-11-01 09:39:28', '2016-11-01 09:39:28'),
(52, 'KEPOLISIAN RI', 'Jl. Trunojoyo No. 3, Kebayoran Baru, Jakarta 12110', '021 79181671', 10, '2016-11-01 09:39:28', '2016-11-01 09:39:28'),
(53, 'Disdukcapil Kab Nias', 'Jalan Gomo No. 31 Gunung Sitoli', '(0639) 21229', 7, '2016-11-17 06:45:07', '2016-11-17 06:45:07'),
(54, 'PEMPROV JABAR', 'JL. DIPONEGORO NO. 22 BANDUNG 40115', '022-4232448, 4230963', 9, '2016-11-21 09:19:28', '2016-11-21 09:19:28'),
(55, 'DISDUKCAPIL KAB MALANG', 'Jln. Panji 119 Kepanjen', '0341-399744', 7, '2016-12-22 06:58:59', '2016-12-22 06:58:59'),
(56, 'PT. KSEI', 'Jln. Jend Sudirman Kav. 52-53 Jakarta 12190', '021-52991099', 11, '2017-01-19 08:28:17', '2017-01-19 08:28:17'),
(57, 'DISDUKCAPIL KOTA SALATIGA', 'Jl. Pemuda Nomor 2 Salatiga', '0298-312650', 7, '2017-01-31 04:15:11', '2017-01-31 04:15:11'),
(58, 'DISDUKCAPIL KAB LEBAK', 'Jl. R.M. Nata Atmaja No. 1 Rangkasbitung 42312', '0252-207924', 7, '2017-02-21 04:19:36', '2017-02-21 04:19:36'),
(59, 'DISDUKCAPIL KOTA SURAKARTA', 'JL. JEND SUDIRMAN NO.2 SURAKARTA', '0271-639554', 7, '2017-02-27 07:04:50', '2017-02-27 07:04:50'),
(60, 'DISDUKCAPIL KAB JEPARA', 'JALAN KI MANGUN SARKORO NO. 37 JEPARA', '0291-591051, 591515', 7, '2017-03-17 05:49:37', '2017-03-17 05:49:37');

-- --------------------------------------------------------

--
-- Table structure for table `jenis_institusi`
--

CREATE TABLE `jenis_institusi` (
  `id_jenis_institusi` int(11) NOT NULL,
  `jenis_institusi` varchar(60) NOT NULL,
  `TGL_BUAT` timestamp NOT NULL DEFAULT CURRENT_TIMESTAMP ON UPDATE CURRENT_TIMESTAMP,
  `TGL_UPDATE` timestamp NOT NULL DEFAULT '0000-00-00 00:00:00'
) ENGINE=InnoDB DEFAULT CHARSET=utf8;

--
-- Dumping data for table `jenis_institusi`
--

INSERT INTO `jenis_institusi` (`id_jenis_institusi`, `jenis_institusi`, `TGL_BUAT`, `TGL_UPDATE`) VALUES
(1, 'PEMERINTAHAN', '2016-10-31 08:29:35', '2016-10-31 08:29:35'),
(2, 'PERBANKAN', '2016-10-31 08:30:54', '2016-10-31 08:30:54'),
(4, 'OPERATOR', '2016-10-31 08:30:54', '2016-10-31 08:30:54'),
(5, 'BUMN', '2016-10-31 08:30:54', '2016-10-31 08:30:54'),
(6, 'KONSULTAN', '2016-10-31 08:30:54', '2016-10-31 08:30:54'),
(7, 'PEMERINTAH KAB/KOTA', '2016-10-31 08:30:54', '2016-10-31 08:30:54'),
(8, 'SWASTA', '2016-10-31 08:30:54', '2016-10-31 08:30:54'),
(9, 'PEMERINTAH PROVINSI', '2016-10-31 08:30:54', '2016-10-31 08:30:54'),
(10, 'PEMERINTAH', '2016-11-01 09:32:16', '0000-00-00 00:00:00'),
(11, 'PASAR MODAL', '2017-01-19 08:26:20', '2017-01-19 08:26:20');

-- --------------------------------------------------------

--
-- Table structure for table `jenis_user`
--

CREATE TABLE `jenis_user` (
  `id_jenis_user` int(11) NOT NULL,
  `nama_jenis_user` varchar(60) NOT NULL,
  `tgl_buat` timestamp NOT NULL DEFAULT CURRENT_TIMESTAMP ON UPDATE CURRENT_TIMESTAMP,
  `tgl_update` timestamp NOT NULL DEFAULT '0000-00-00 00:00:00'
) ENGINE=InnoDB DEFAULT CHARSET=utf8;

--
-- Dumping data for table `jenis_user`
--

INSERT INTO `jenis_user` (`id_jenis_user`, `nama_jenis_user`, `tgl_buat`, `tgl_update`) VALUES
(1, 'ADMIN', '2016-10-04 02:10:00', '2016-10-04 02:10:00'),
(2, 'OPERATOR', '2016-10-04 02:10:00', '2016-10-04 02:10:00');

-- --------------------------------------------------------

--
-- Table structure for table `sam_license`
--

CREATE TABLE `sam_license` (
  `id_sam_license` int(20) NOT NULL,
  `sam_id` varchar(20) NOT NULL,
  `license` varchar(45) NOT NULL,
  `nama_institusi` varchar(45) DEFAULT NULL,
  `nama_user` varchar(45) DEFAULT NULL,
  `ip_user` varchar(45) DEFAULT NULL,
  `ip_proxy` varchar(45) DEFAULT NULL,
  `tgl_buat` timestamp NULL DEFAULT NULL,
  `keterangan` varchar(100) DEFAULT NULL,
  `id_user_license` int(11) NOT NULL
) ENGINE=InnoDB DEFAULT CHARSET=utf8;

--
-- Dumping data for table `sam_license`
--

INSERT INTO `sam_license` (`id_sam_license`, `sam_id`, `license`, `nama_institusi`, `nama_user`, `ip_user`, `ip_proxy`, `tgl_buat`, `keterangan`, `id_user_license`) VALUES
(1, '2015BB1200000470', '00f39ffa6122ee40f64d292a86ac81df', 'BPJS KETENAGAKERJAAN', 'bpjsketenagakerjaan', '172.16.200.27', '116.66.201.34', '2016-11-01 02:44:10', 'Kantor Pusat BPJS Ketenagakerjaan', 3),
(2, '2015BB1200000469', '39e437fd313d52cbe4c274e6b1322d46', 'BPJS KETENAGAKERJAAN', 'bpjsketenagakerjaan', '172.16.200.27', '116.66.201.34', '2016-11-01 02:44:10', 'Kantor Pusat BPJS Ketenagakerjaan', 3),
(3, '2015BB1200000471', 'f37108ba1fbb9c2767a8bac6aac9b54e', 'BPJS KETENAGAKERJAAN', 'bpjsketenagakerjaan', '172.16.200.27', '116.66.201.34', '2016-11-01 02:44:05', 'Kantor Pusat BPJS Ketenagakerjaan', 3),
(5, '2015BB1200000313', '3de6a5dbb98028e84c2ef987558b21c4', 'BCA', 'BCA', '172.16.200.27', '202.6.213.10', '2016-11-01 02:44:08', 'PT Bank Central Asia, Tbk', 4),
(6, '2015BB1200000312', '4290a41305bff57b1c50ab860eb623d6', 'BCA', 'BCA', '172.16.200.27', '202.6.213.10', '2016-11-01 02:44:08', 'PT Bank Central Asia, Tbk', 4),
(7, '2015BB1200000308', 'b5b18b03f9a315d647ca8ba8a603afda', 'BCA', 'BCA', '172.16.200.27', '202.6.213.10', '2016-11-01 02:44:08', 'PT Bank Central Asia, Tbk', 4),
(8, '2015BB1200000303', '00fbcc63b96c4c57f7c55c50f41e7409', 'BCA', 'BCA', '172.16.200.27', '202.6.213.10', '2016-11-01 02:44:08', 'PT Bank Central Asia, Tbk', 4),
(9, '2015BB1200000310', '1659094fa87733ea54649400e39fcc51', 'BCA', 'BCA', '172.16.200.27', '202.6.213.10', '2016-11-01 02:44:08', 'PT Bank Central Asia, Tbk', 4),
(10, '2015BB1200000315', '295c06235c4e624810e0b1c673e3da94', 'BCA', 'BCA', '172.16.200.27', '202.6.213.10', '2016-11-01 02:44:05', 'PT Bank Central Asia, Tbk', 4),
(11, '2015BB1200000311', 'd1a55d9933766cfc39cb7a29e99719ad', 'BCA', 'BCA', '172.16.200.27', '202.6.213.10', '2016-11-01 02:44:08', 'PT Bank Central Asia, Tbk', 4),
(12, '2015BB1200000307', '234829b523ddb5307452eec9a35e1bb4', 'BCA', 'BCA', '172.16.200.27', '202.6.213.10', '2016-11-01 02:44:08', 'PT Bank Central Asia, Tbk', 4),
(13, '2015BB1200000309', 'c7f9fb9c82ef2968c7fb159eb1fafcb8', 'BCA', 'BCA', '172.16.200.27', '202.6.213.10', '2016-11-01 02:44:10', 'PT Bank Central Asia, Tbk', 4),
(14, '2015BB1200000317', '7ae77878c788134c4ebf21135d1af78f', 'BCA', 'BCA', '172.16.200.27', '202.6.213.10', '2016-11-01 02:44:09', 'PT Bank Central Asia, Tbk', 4),
(18, '2015BB1200000859', '409bc6e35ca73de97e31757f9071bdcf', 'BPJS KETENAGAKERJAAN', 'bpjsketenagakerjaan', '172.16.200.27', '116.66.201.34', '2016-11-01 02:44:05', 'Kantor Pusat BPJS Ketenagakerjaan', 3),
(19, '2015BB1200000531', 'a714db33590633a0d58157a92766a35a', 'BPJS KETENAGAKERJAAN', 'bpjsketenagakerjaan', '172.16.200.27', '116.66.201.34', '2016-11-01 02:44:05', 'Kantor Pusat BPJS Ketenagakerjaan', 3),
(20, '2015BB1200000903', '4e7333f55324d3588cc8e795c0cde7db', 'BPJS KETENAGAKERJAAN', 'bpjsketenagakerjaan', '172.16.200.27', '116.66.201.34', '2016-11-01 02:44:05', 'BPJS Ketenagakerjaan', 3),
(21, '2015BB1200000493', '29c85f8c8e7badb57259e45bec9abcd7', 'BPJS KETENAGAKERJAAN', 'bpjsketenagakerjaan', '172.16.200.27', '116.66.201.34', '2016-11-01 02:44:05', 'Kantor Pusat BPJS Ketenagakerjaan', 3),
(22, '2015BB1200000300', 'e7e0e50b71d24710d2040e009b675419', 'BPJS KETENAGAKERJAAN', 'bpjsketenagakerjaan', '172.16.200.27', '116.66.201.34', '2016-11-01 02:44:05', 'Kantor pusat BPJS Ketenagakerjaan', 3),
(23, '2015BB1200000525', '6be40c64b732ecfd6056a72399b4cc71', 'BPJS KETENAGAKERJAAN', 'bpjsketenagakerjaan', '172.16.200.27', '116.66.201.34', '2016-11-01 02:44:10', 'Kantor Pusat BPJS Ketenagakerjaan', 3),
(24, '2015BB1200000357', '42832111610f0056ec1fce5dc0fa3644', 'BPJS KETENAGAKERJAAN', 'bpjsketenagakerjaan', '172.16.200.27', '116.66.201.34', '2016-11-01 02:44:05', 'Kantor Pusat BPJS Ketenagakerjaan', 3),
(25, '2015BB1200000810', '2ecc2cae8e55e60624280446519e2aef', 'BPJS KETENAGAKERJAAN', 'bpjsketenagakerjaan', '172.16.200.27', '116.66.201.34', '2016-11-01 02:44:10', 'Kantor Pusat BPJS Ketenagakerjaan', 3),
(26, '2015BB1200000865', 'e7e403a96ea5dd3ab2c798f021e29470', 'BPJS KETENAGAKERJAAN', 'bpjsketenagakerjaan', '172.16.200.27', '116.66.201.34', '2016-11-01 02:44:10', 'Kantor Pusat BPJS Ketenagakeerjaan', 3),
(27, '2015BB1200000602', '6ed8ace7058be47a435b69ed84dd62b4', 'BPJS KETENAGAKERJAAN', 'bpjsketenagakerjaan', '172.16.200.27', '116.66.201.34', '2016-11-01 02:44:05', 'Kantor Pusat BPJS Ketenagakerjaan', 3),
(28, '2015BB1200000795', '4d5f937ac9c120513f6fadbf99e07293', 'BPJS KETENAGAKERJAAN', 'bpjsketenagakerjaan', '172.16.200.27', '116.66.201.34', '2016-11-01 02:44:09', 'Kantor Pusat BPJS Ketenagakerjaan', 3),
(29, '2015BB1200000407', 'f66aafe4e3a60764607d2d6d7ba93a29', 'BPJS KETENAGAKERJAAN', 'bpjsketenagakerjaan', '172.16.200.27', '116.66.201.34', '2016-11-01 02:44:09', 'Kantor Pusat BPJS Ketenagakerjaan', 3),
(30, '2015BB1200000893', '190c88ef50ce816df27850b8a725087f', 'BPJS KETENAGAKERJAAN', 'bpjsketenagakerjaan', '172.16.200.27', '116.66.201.34', '2016-11-01 02:44:05', 'Kantor Pusat BPJS Ketenagakerjaan', 3),
(31, '2015BB1200000707', '110d68ead0145c392935442b7aea22ee', 'BPJS KETENAGAKERJAAN', 'bpjsketenagakerjaan', '172.16.200.27', '116.66.201.34', '2016-11-01 02:44:09', 'Kantor Pusat BPJS Ketenagakerjaan', 3),
(32, '2015BB1200000562', 'ccb5ce701fbfdfd433d56b92f9552282', 'BNI', 'BNI', '172.16.200.27', '175.106.22.38', '2016-11-01 02:44:05', 'BNI', 2),
(33, '2015BB1200000945', 'b9a86e2ecc9a793d0cf99e27a786d500', 'BNI', 'BNI', '172.16.200.27', '172.17.19.54, 175.106.22.23', '2016-11-01 02:44:05', 'BNI', 2),
(34, '2015BB1200000314', '20004d97f0617571178385444a383376', 'BPJS KETENAGAKERJAAN', 'bpjsketenagakerjaan', '172.16.200.27', '116.66.201.34', '2016-11-01 02:44:10', 'Kantor Pusat BPJS Ketenagakerjaan', 3),
(35, '2015BB1200000517', 'b46269a9a0ab26cc3c89e84c4b3daf98', 'BPJS KETENAGAKERJAAN', 'bpjsketenagakerjaan', '172.16.200.27', '116.66.201.34', '2016-11-01 02:44:10', 'Kantor Pusat BPJS Ketenagakerjaan', 3),
(36, '2015BB1200000892', '54f94ccb9e8cf2ef297301e9828f7cca', 'BPJS KETENAGAKERJAAN', 'bpjsketenagakerjaan', '172.16.200.27', '116.66.201.34', '2016-11-01 02:44:05', 'Kantor Pusat BPJS Ketenagakerjaan', 3),
(37, '2015BB1200000424', '6616879b49a87a8ba742a1ad01b45424', 'BPJS KETENAGAKERJAAN', 'bpjsketenagakerjaan', '172.16.200.27', '116.66.201.34', '2016-11-01 02:44:10', 'Kantor Pusat BPJS Ketenagakerjaan', 3),
(38, '2015BB1200000451', '5bb7ee14bb921951c3892733ee052d22', 'BPJS KETENAGAKERJAAN', 'bpjsketenagakerjaan', '172.16.200.27', '116.66.201.34', '2016-11-01 02:44:05', 'Kantor Pusat BPJS Ketenagakerjaan', 3),
(39, '2015BB1200000885', '1ce2c4f1085330f0829bdcb0bd9f5d2e', 'BPJS KETENAGAKERJAAN', 'bpjsketenagakerjaan', '172.16.200.27', '116.66.201.34', '2016-11-01 02:44:12', 'BPJS Ketenagakerjaan Kantor Pusat', 3),
(40, '2015BB1200000572', 'fa175e49f48d9589e0faf1d843ac435a', 'BPJS KETENAGAKERJAAN', 'bpjsketenagakerjaan', '172.16.200.27', '116.66.201.34', '2016-11-01 02:44:12', 'BPJS Ketenagakerjaan Kantor Pusat', 3),
(41, '2015BB1200000552', '0999e84c00529c3d5a57a035be68ede3', 'BPJS KETENAGAKERJAAN', 'bpjsketenagakerjaan', '172.16.200.27', '116.66.201.34', '2016-11-01 02:44:09', 'BPJS Ketenagakerjaan Kantor Pusat', 3),
(42, '2015BB1200000860', '79d4e35e34ee558a9648c6557f3eecae', 'BPJS KETENAGAKERJAAN', 'bpjsketenagakerjaan', '172.16.200.27', '116.66.201.34', '2016-11-01 02:44:05', 'Kantor Pusat BPJS Ketenagakerjaan', 3),
(43, '2015BB1200000848', 'ff17aecaac5c4f754092ce22600a5170', 'BPJS KETENAGAKERJAAN', 'bpjsketenagakerjaan', '172.16.200.27', '116.66.201.34', '2016-11-01 02:44:09', 'Kantor Pusat BPJS Ketenagakerjaan', 3),
(44, '2015BB1200000889', '715b876995207500d264adaae334e6ce', 'BPJS KETENAGAKERJAAN', 'bpjsketenagakerjaan', '172.16.200.27', '116.66.201.34', '2016-11-01 02:44:09', 'Kantor Pusat BPJS Ketenagakerjaan', 3),
(45, '2015BB1200000397', 'b1eb4bc4c5d18f251f98ef234b3e567d', 'BPJS KETENAGAKERJAAN', 'bpjsketenagakerjaan', '172.16.200.27', '116.66.201.34', '2016-11-01 02:44:10', 'Kantor Pusat BPJS Ketenagakerjaan', 3),
(46, '2015BB1200000824', '608aac5b15d4515b5e9edb28e5132b82', 'BPJS KETENAGAKERJAAN', 'bpjsketenagakerjaan', '172.16.200.27', '116.66.201.34', '2016-11-01 02:44:05', 'Kantor Pusat BPJS Ketenagakerjaan', 3),
(47, '2015BB1200000880', '8731e63abb450544cc09d2c6f9a1ad37', 'BPJS KETENAGAKERJAAN', 'bpjsketenagakerjaan', '172.16.200.27', '116.66.201.34', '2016-11-01 02:44:05', 'Kantor Pusat BPJS Ketenagakerjaan', 3),
(48, '2015BB1200000391', '56f1920945486d92222c8bda69a1b351', 'BPJS KETENAGAKERJAAN', 'bpjsketenagakerjaan', '172.16.200.27', '116.66.201.34', '2016-11-01 02:44:05', 'Kantor Pusat BPJS Ketenagakerjaan', 3),
(49, '2015BB1200000697', '526eeb0b7adff109eda9c365f1eef14d', 'BPJS KETENAGAKERJAAN', 'bpjsketenagakerjaan', '172.16.200.27', '116.66.201.34', '2016-11-01 02:44:10', 'Kantor Pusat BPJS Ketenagakerjaan', 3),
(50, '2015BB1200000545', '10e9dbcf93c13f9319e4a3360a57344a', 'BPJS KETENAGAKERJAAN', 'bpjsketenagakerjaan', '172.16.200.27', '116.66.201.34', '2016-11-01 02:44:05', 'Kantor Pusat BPJS Ketenagakerjaan', 3),
(51, '2015BB1200000444', 'b313aef2768fc1dd0169363c31df533e', 'BPJS KETENAGAKERJAAN', 'bpjsketenagakerjaan', '172.16.200.27', '116.66.201.34', '2016-11-01 02:44:05', 'Kantor Pusat BPJS Ketenagakerjaan', 3),
(52, '2015BB1200000852', 'a96831fb80be60c343b5287cce08697e', 'BPJS KETENAGAKERJAAN', 'bpjsketenagakerjaan', '172.16.200.27', '116.66.201.34', '2016-11-01 02:44:11', 'Kantor Pusat BPJS Ketenagakerjaan', 3),
(53, '2015BB1200000878', 'd1b29511e9e0304b0895e636a66865b2', 'BPJS KETENAGAKERJAAN', 'bpjsketenagakerjaan', '172.16.200.27', '116.66.201.34', '2016-11-01 02:44:09', 'Kantor Pusat BPJS Ketenagakerjaan', 3),
(54, '2015BB1200000891', 'a4bbcf77a80e6be70e7e01079bd69a7f', 'BPJS KETENAGAKERJAAN', 'bpjsketenagakerjaan', '172.16.200.27', '116.66.201.34', '2016-11-01 02:44:09', 'Kantor Pusat BPJS Ketenagakerjaan', 3),
(55, '2015BB1200000298', 'efa13afa263ba9171e0c354ef43eac21', 'BNI', 'BNI', '172.16.200.27', '172.17.19.193, 175.106.22.38', '2016-11-01 02:44:05', 'BNI', 2),
(56, '2015BB1200000788', 'b0e711b9e62a42363ce4be245871aa58', 'DISDUKCAPIL KOTA MAGELANG', 'CAPIL KOTA MAGELANG', '172.16.200.27', '36.81.0.156', '2016-11-01 02:44:09', 'DINAS', 8),
(57, '2015BB1200000830', '219bbc6da3767c1fdaa5b1a06ed96231', 'DISDUKCAPIL KOTA MAGELANG', 'CAPIL KOTA MAGELANG', '172.16.200.27', '36.81.0.156', '2016-11-01 02:44:11', 'DINAS', 8),
(58, '2015BB1200000790', 'd80d6751778bc2ab85146171518f2a50', 'DISDUKCAPIL KOTA MAGELANG', 'CAPIL KOTA MAGELANG', '172.16.200.27', '36.81.0.156', '2016-11-01 02:44:06', 'DINAS', 8),
(59, '2015BB1200000868', '62e13f1399d884da9634034593a1d58c', 'BCA', 'BCA', '172.16.200.27', '202.6.213.10', '2016-11-01 02:44:09', 'PT Bank Central Asia, Tbk', 4),
(60, '2015BB1200000884', '6c6e367f2de905bdc7370bb2abcbc568', 'BCA', 'BCA', '172.16.200.27', '202.6.213.10', '2016-11-01 02:44:11', 'PT Bank Central Asia, Tbk', 4),
(61, '2015BB1200000636', 'e722d818195c5e96013f39df476cbeec', 'BNI', 'BNI', '172.16.200.27', '172.17.19.193, 175.106.22.38', '2016-11-01 02:44:11', 'BNI KCU PTB BANDUNG', 2),
(62, '2015BB1200000915', '5d76c9d29ef8acd69e8e98a48181ebec', 'BPJS KETENAGAKERJAAN', 'bpjsketenagakerjaan', '172.16.200.27', '116.66.201.34', '2016-11-01 02:44:11', 'BPJS KETENAGAKERJAAN', 3),
(63, '2015BB1200000095', '76f720e3b7d5f0eeee4b166d0aeded72', 'BANK BTN', 'BTN', '172.16.200.27', '202.62.17.195', '2016-11-01 02:44:09', 'Bank BTN', 481),
(64, '2015BB1200000953', 'a9a3d14b6b28bacdaaf8fa819dd86f4b', 'BANK BTN', 'BTN', '172.16.200.27', '202.62.17.195', '2016-11-01 02:44:09', 'Bank BTN', 481),
(65, '2015BB1200000825', '68f2905d2872936abf2bd37a1e831adf', 'BPJS KETENAGAKERJAAN', 'bpjsketenagakerjaan', '172.16.200.27', '116.66.201.34', '2016-11-01 02:44:09', 'Kantor Pusat BPJS Ketenagakerjaan', 3),
(66, '2015BB1200000927', '73046e4637528249f0ffb9d1d49bdb2d', 'BPJS KETENAGAKERJAAN', 'bpjsketenagakerjaan', '172.16.200.27', '116.66.201.34', '2016-11-01 02:44:09', 'Kantor Pusat BPJS Ketenagakerjaan', 3),
(67, '2015BB1200000949', 'b1ae4f4a18cfc1baf926cfc43d932a7c', 'BPJS KETENAGAKERJAAN', 'bpjsketenagakerjaan', '172.16.200.27', '116.66.201.34', '2016-11-01 02:44:06', 'Kantor Pusat BPJS Ketenagakerjaan', 3),
(68, '2015BB1200000820', '3caf0f37dc8aad613e36e6e1688924d7', 'BPJS KETENAGAKERJAAN', 'bpjsketenagakerjaan', '172.16.200.27', '116.66.201.34', '2016-11-01 02:44:06', 'Kantor Pusat BPJS Ketenagakerjaan', 3),
(69, '2015BB1200000888', 'f04ed4c61805e8ed219aa79444d28f79', 'BPJS KETENAGAKERJAAN', 'bpjsketenagakerjaan', '172.16.200.27', '116.66.201.34', '2016-11-01 02:44:06', 'Kantor Pusat BPJS Ketenagakerjaan', 3),
(70, '2015BB1200000284', '038c2a1b1c28285c9d8d84538db2bf35', 'BPJS KETENAGAKERJAAN', 'bpjsketenagakerjaan', '172.16.200.27', '116.66.201.34', '2016-11-01 02:44:06', 'Kantor Pusat BPJS Ketenagakerjaan', 3),
(71, '2015BB1200000694', 'c85dd4f7a38c8d9df101a171dc9d1b0f', 'BPJS KETENAGAKERJAAN', 'bpjsketenagakerjaan', '172.16.200.27', '116.66.201.34', '2016-11-01 02:44:06', 'Kantor Pusat BPJS Ketenagakerjaan', 3),
(72, '2015BB1200000285', '3455bf2defdf75de0f9f175c952b7dc2', 'BPJS KETENAGAKERJAAN', 'bpjsketenagakerjaan', '172.16.200.27', '116.66.201.34', '2016-11-01 02:44:06', 'Kantor Pusat BPJS Ketenagakerjaan', 3),
(73, '2015BB1200000281', 'df5f9722919d85fcaba30dc050b77af0', 'BPJS KETENAGAKERJAAN', 'bpjsketenagakerjaan', '172.16.200.27', '116.66.201.34', '2016-11-01 02:44:06', 'Kantor Pusat BPJS Ketenagakerjaan', 3),
(74, '2015BB1200000293', 'd3faed2fee8e6f23b3d02e04b67efaa2', 'BPJS KETENAGAKERJAAN', 'bpjsketenagakerjaan', '172.16.200.27', '116.66.201.34', '2016-11-01 02:44:06', 'Kantor Pusat BPJS Ketenagakerjaan', 3),
(75, '2015BB1200000913', 'edc307823e85a7a6a93b3bc09638e9ae', 'BPJS KETENAGAKERJAAN', 'bpjsketenagakerjaan', '172.16.200.27', '116.66.201.34', '2016-11-01 02:44:06', 'Kantor Pusat BPJS Ketenagakerjaan', 3),
(76, '2015BB1200000301', '567e9d0673ebd5e7f5f98c6b9d933869', 'BPJS KETENAGAKERJAAN', 'bpjsketenagakerjaan', '172.16.200.27', '116.66.201.34', '2016-11-01 02:44:06', 'Kantor Pusat BPJS Ketenagakerjaan', 3),
(77, '2015BB1200000837', '68071b286e2ed541d026e6f5d0e9d451', 'BPJS KETENAGAKERJAAN', 'bpjsketenagakerjaan', '172.16.200.27', '116.66.201.34', '2016-11-01 02:44:06', 'Kantor Pusat BPJS Ketenagakerjaan', 3),
(78, '2015BB1200000826', 'ab3ae3addeda54b646421b904e143c7f', 'BPJS KETENAGAKERJAAN', 'bpjsketenagakerjaan', '172.16.200.27', '116.66.201.34', '2016-11-01 02:44:06', 'Kantor Pusat BPJS Ketenagakerjaan', 3),
(79, '2015BB1200000289', '435ff90794e23933468c2ce55d34092a', 'BPJS KETENAGAKERJAAN', 'bpjsketenagakerjaan', '172.16.200.27', '116.66.201.34', '2016-11-01 02:44:06', 'Kantor Pusat BPJS Ketenagakerjaan', 3),
(80, '2015BB1200000845', 'c8438dc6a54f784512cb0542f26f0e1c', 'Trisakti', 'trisakti', '172.16.200.27', '10.10.1.209, 125.166.238.115', '2016-11-01 02:44:06', 'Semarang', 10),
(81, '2015BB1200000901', '5a9d5d99c5145231aa299b9d7ddc4423', 'BANK_BPD_SUMSEL', 'BPD_SUMSEL_2', '172.16.200.27', '114.79.12.231', '2016-11-01 02:44:06', 'KANTOR DISPENDA PROV SUMSEL', 12),
(82, '2015BB1200000624', 'c3ab71733c9d73bfc912456fd2318a71', 'BANK_BPD_SUMSEL', 'BPD_SUMSEL', '172.16.200.27', '114.79.12.231', '2016-11-01 02:44:11', 'KANTOR DISPENDA PROV SUMSEL', 11),
(83, '2015BB1200000817', '64c30c797dce2f5adc369dd8967c4e67', 'DISDUKCAPIL KOTA MAGELANG', 'CAPIL KOTA MAGELANG', '172.16.200.27', '202.67.40.50', '2016-11-01 02:44:06', 'KELURAHAN', 8),
(84, '2015BB1200000896', '27e7bee50588d418822b0c9433e85ae4', 'BANK BTN', 'BTN', '172.16.200.27', '202.62.16.13', '2016-11-01 02:44:09', 'BTN', 481),
(85, '2015BB1200000905', '822bba7408caa2f28502ca37eb591d2f', 'BANK BTN', 'BTN', '172.16.200.27', '139.0.18.178', '2016-11-01 02:44:09', 'BTN', 481),
(86, '2015BB1200000910', '5e63c23170e25f1f81f2f46f0543d397', 'BANK BTN', 'BTN', '172.16.200.27', '139.0.18.178', '2016-11-01 02:44:09', 'BTN', 481),
(87, '30154B75000060B7', '93c3c06d5fe3309727c894d3bbe14848', 'BANK BTN', 'BTN', '172.16.200.27', '36.70.43.25', '2016-11-01 02:44:12', 'Bank BTN', 481),
(88, '2015BB1200000932', '3bf2d8e37a8ba71066e43b15519e8e56', 'PEMKAB_BANTUL', 'PEMKAB_BANTUL_2', '172.16.200.27', '202.169.239.233', '2016-11-01 02:44:12', 'BANTUL', 13),
(89, '2015BB1200000916', '91d1183039655580ffff41d9ebcb36f0', 'PEMKAB_BANTUL', 'PEMKAB_BANTUL', '172.16.200.27', '202.169.239.233', '2016-11-01 02:44:06', 'BANTUL', 14),
(90, '2015BB1200000802', '1a76b4f86d2e84b0c3e6452b5f3273ea', 'PEMKAB_BANYUWANGI', 'PEMKAB_BANYUWANGI', '172.16.200.27', '192.168.119.31, 103.202.227.28', '2016-11-01 02:44:09', 'DISPENDUKCAPIL KAB. BANYUWANGI', 29),
(91, '2015BB1200000844', '3b6a38a04b90f6590c8f92c1397b6929', 'PEMKOT_PEKALONGAN', 'PEMKOT_PEKALONGAN_3', '172.16.200.27', '182.253.143.3', '2016-11-01 02:44:09', 'KELURAHAN PODOSUGIH KOTA PEKALONGAN', 26),
(92, '2015BB1200000954', 'e8658e4394f1682a4a0a0a2d358b0add', 'PEMKAB_MEMPAWAH', 'PEMKAB_MEMPAWAH', '172.16.200.27', '118.97.209.230', '2016-11-01 02:44:11', 'MEMPAWAH', 30),
(93, '2015BB1200000887', '27c27c7efa296794c76fb527ef835136', 'DISDUKCAPIL KOTA MAGELANG', 'CAPIL KOTA MAGELANG', '172.16.200.27', '202.67.40.50', '2016-11-01 02:44:12', 'DINAS', 8),
(94, '2015BB1200000909', 'a703dfd05dc612daeeb86d43603c0e76', 'DISDUKCAPIL KOTA MAGELANG', 'CAPIL KOTA MAGELANG', '172.16.200.27', '202.67.40.50', '2016-11-01 02:44:12', 'DINAS', 8),
(95, '2015BB1200000947', '0ed7612764a351b968f16c48f3f19e8d', 'DISDUKCAPIL KOTA MAGELANG', 'CAPIL KOTA MAGELANG', '172.16.200.27', '202.67.40.50', '2016-11-01 02:44:12', 'KELURAHAN', 8),
(96, '2015BB1200000944', '006e44d71b88c5114bf20dec251289b7', 'DISDUKCAPIL KOTA MAGELANG', 'CAPIL KOTA MAGELANG', '172.16.200.27', '202.67.41.51', '2016-11-01 02:44:09', 'KELURAHAN', 8),
(98, '2015BB1200000658', '910cd04e37e4857eb63dd5af65d45c45', 'BANK BTN', 'BTN', '172.16.200.27', '114.121.160.171', '2016-11-01 02:44:06', 'BTN', 481),
(99, '2015BB1200000882', '3d9f403021224a6e53080a6ca4b44e95', 'BANK BTN', 'BTN', '172.16.200.27', '114.121.160.171', '2016-11-01 02:44:06', 'BTN', 481),
(100, '2015BB1200000640', 'ef77f4baefe87a495701b5c50adcbcce', 'BANK BTN', 'BTN', '172.16.200.27', '114.121.160.171', '2016-11-01 02:44:09', 'BTN', 481),
(101, '2015BB1200000286', '19532ea7d3d89cd251f162070f65e54e', 'BANK BTN', 'BTN', '172.16.200.27', '114.121.160.171', '2016-11-01 02:44:06', 'BTN', 481),
(102, '2015BB1200000392', 'e30610981afaa3b72e72037a0f2c15e1', 'BANK BTN', 'BTN', '172.16.200.27', '114.121.160.171', '2016-11-01 02:44:09', 'BTN', 481),
(103, '2015BB1200000774', '1760ee4b0316ad12908bb8bbb45a81de', 'BANK BTN', 'BTN', '172.16.200.27', '139.0.18.178', '2016-11-01 02:44:06', 'BTN', 481),
(104, '2015BB1200000819', 'd9610ff841bb08d43d1596e9551c342f', 'RSU Kota Tanggerang Selatan', 'RSU_TANGSEL_3', '172.16.200.27', '116.197.134.86', '2016-11-01 02:44:06', 'PENDAFTARAN RSU TANGSEL', 49),
(105, '2015BB1200000800', '67b3f31716ad866eea3033ef9839169f', 'RSU Kota Tanggerang Selatan', 'RSU_TANGSEL_3', '172.16.200.27', '116.197.134.86', '2016-11-01 02:44:06', 'PENDAFTARAN RSU TANGSEL', 49),
(106, '2015BB1200000821', 'af91e48fcb6e73897d55c5696a554e0a', 'RSU Kota Tanggerang Selatan', 'RSU_TANGSEL_3', '172.16.200.27', '116.197.134.86', '2016-11-01 02:44:07', 'PENDAFTARAN UGD RSU TANGSEL', 49),
(107, '2015BB1200000294', 'fd14ccaf76456b557db48510b5b805a4', 'Dinas Kesehatan Kota Tanggerang Selatan', 'DINKES_TANGSEL_15', '172.16.200.27', '202.159.15.210', '2016-11-01 02:44:09', 'DINKES TANGSEL', 46),
(108, '2015BB1200000288', '248eb6153ffbc758e4adff4ae9fc5a94', 'Dinas Kesehatan Kota Tanggerang Selatan', 'DINKES_TANGSEL_1', '172.16.200.27', '180.244.67.195', '2016-11-01 02:44:11', 'PKM CIPUTAT TIMUR', 32),
(109, '2015BB1200000950', 'a77c138c6f3003dc124f15d67ff3f6c3', 'Dinas Kesehatan Kota Tanggerang Selatan', 'DINKES_TANGSEL_2', '172.16.200.27', '180.244.67.195', '2016-11-01 02:44:11', 'PKM BENDA BARU', 33),
(110, '2015BB1200000908', '8d6be36ea8e119c8f52ce6f15e5cce14', 'Dinas Kesehatan Kota Tanggerang Selatan', 'DINKES_TANGSEL_3', '172.16.200.27', '180.244.67.195', '2016-11-01 02:44:11', 'PKM SETU', 34),
(111, '2015BB1200000664', '246c22a3f1b2461f26c86cbf9fb84dcd', 'Dinas Kesehatan Kota Tanggerang Selatan', 'DINKES_TANGSEL_4', '172.16.200.27', '180.244.67.195', '2016-11-01 02:44:11', 'PKM PONDOK JAGUNG', 35),
(112, '2015BB1200000822', '473ec161b70f781e1c5c2790ddcebb39', 'Dinas Kesehatan Kota Tanggerang Selatan', 'DINKES_TANGSEL_5', '172.16.200.27', '180.244.67.195', '2016-11-01 02:44:11', 'PKM PONDOK BETUNG', 36),
(113, '2015BB1200000623', '373541c5d7f48c4da3179d17b3245573', 'Dinas Kesehatan Kota Tanggerang Selatan', 'DINKES_TANGSEL_6', '172.16.200.27', '180.244.67.195', '2016-11-01 02:44:11', 'PKM BHAKTI JAYA', 37),
(114, '2015BB1200000504', 'a0ac57dbf0343365737a3e936d7647b2', 'Dinas Kesehatan Kota Tanggerang Selatan', 'DINKES_TANGSEL_7', '172.16.200.27', '180.244.67.195', '2016-11-01 02:44:11', 'PKM PONDOK KACANG TIMUR', 38),
(115, '2015BB1200000828', '40935ac7fc8890ac04339374258f39f3', 'Dinas Kesehatan Kota Tanggerang Selatan', 'DINKES_TANGSEL_8', '172.16.200.27', '180.244.67.195', '2016-11-01 02:44:11', 'PKM RAWA BUNTU', 39),
(116, '2015BB1200000665', '0f298324163943030df3eba771703960', 'Dinas Kesehatan Kota Tanggerang Selatan', 'DINKES_TANGSEL_9', '172.16.200.27', '180.244.67.195', '2016-11-01 02:44:11', 'PKM SERPONG 1', 40),
(117, '2015BB1200000456', '6b13649785ba609c49267e11fc21aeb9', 'Dinas Kesehatan Kota Tanggerang Selatan', 'DINKES_TANGSEL_10', '172.16.200.27', '180.244.67.195', '2016-11-01 02:44:11', 'PKM SERPONG 2', 41),
(118, '2015BB1200000642', 'cf20b71393edba0d58cfb7c4d2d653a6', 'Dinas Kesehatan Kota Tanggerang Selatan', 'DINKES_TANGSEL_11', '172.16.200.27', '180.244.67.195', '2016-11-01 02:44:11', 'PKM JOMBANG', 42),
(119, '2015BB1200000450', '39ebf21e81bcbfcdae57a16f92b69656', 'Dinas Kesehatan Kota Tanggerang Selatan', 'DINKES_TANGSEL_12', '172.16.200.27', '180.244.67.195', '2016-11-01 02:44:11', 'PKM PONDOK RANJI', 43),
(120, '2015BB1200000789', '80bf9d14737a47a2650170b99b5da7af', 'Dinas Kesehatan Kota Tanggerang Selatan', 'DINKES_TANGSEL_13', '172.16.200.27', '180.244.67.195', '2016-11-01 02:44:11', 'PKM PONDOK PUCUNG', 44),
(121, '2015BB1200000292', 'a60bf34ea5bf6f97968ae6135c43e5d3', 'Dinas Kesehatan Kota Tanggerang Selatan', 'DINKES_TANGSEL_14', '172.16.200.27', '180.244.67.195', '2016-11-01 02:44:11', 'PKM PONDOK AREN', 45),
(122, '2015BB1200000922', '35300f6383c411385ab90fc0d9dc76f4', 'DISDUKCAPIL KAB GROBOGAN', 'DUKCAPIL_GROBOGAN1', '172.16.200.27', '117.74.125.122', '2016-11-01 02:44:09', 'KAB. GROBOGAN', 50),
(123, '2015BB1200000767', 'b7223f5455c735f4823b68dc880f92b9', 'DISDUKCAPIL KOTA YOGYAKARTA', 'DUKCAPIL_KOTAYOGYA1', '172.16.200.27', '111.68.24.99', '2016-11-01 02:44:11', 'KECAMATAN TEGALREJO', 86),
(124, '2015BB1200000796', 'd0c7cb94b1c0327bd8587e2e07a37165', 'DISDUKCAPIL KOTA YOGYAKARTA', 'DUKCAPIL_KOTAYOGYA6', '172.16.200.27', '111.68.24.99', '2016-11-01 02:44:11', 'KECAMATAN NGAMPILAN', 91),
(125, '2015BB1200000775', '48d3fdf33b605d54bdd26fa052ee2313', 'DISDUKCAPIL KOTA YOGYAKARTA', 'DUKCAPIL_KOTAYOGYA2', '172.16.200.27', '111.68.24.99', '2016-11-01 02:44:10', 'KECAMATAN JETIS', 87),
(126, '2015BB1200000770', '84a2942e97a255e07834ebe6353fa855', 'DISDUKCAPIL KOTA YOGYAKARTA', 'DUKCAPIL_KOTAYOGYA3', '172.16.200.27', '111.68.24.99', '2016-11-01 02:44:10', 'KECAMATAN GONDOKUSUMAN', 88),
(127, '2015BB1200000792', 'c05e5dd007c9bdb60f0d939d23bfe049', 'DISDUKCAPIL KOTA YOGYAKARTA', 'DUKCAPIL_KOTAYOGYA4', '172.16.200.27', '111.68.24.99', '2016-11-01 02:44:10', 'KECAMATAN DANUREJAN', 89),
(128, '2015BB1200000793', '96541d9e7a70ecfd8047008c928b88ab', 'DISDUKCAPIL KOTA YOGYAKARTA', 'DUKCAPIL_KOTAYOGYA5', '172.16.200.27', '111.68.24.99', '2016-11-01 02:44:11', 'KECAMATAN GEDONGTENGEN', 90),
(129, '2015BB1200000798', '9b78205a73a2278a5ce96892744627c6', 'DISDUKCAPIL KOTA YOGYAKARTA', 'DUKCAPIL_KOTAYOGYA7', '172.16.200.27', '111.68.24.99', '2016-11-01 02:44:12', 'KECAMATAN WIROBRAJAN', 92),
(130, '2015BB1200000799', 'b8fdd08c97e835af2fb8b112a3955306', 'DISDUKCAPIL KOTA YOGYAKARTA', 'DUKCAPIL_KOTAYOGYA8', '172.16.200.27', '111.68.24.99', '2016-11-01 02:44:12', 'KECAMATAN MANTRIJERON', 93),
(131, '2015BB1200000804', '7eebde87adff9f2bd23091068265a38a', 'DISDUKCAPIL KOTA YOGYAKARTA', 'DUKCAPIL_KOTAYOGYA9', '172.16.200.27', '111.68.24.99', '2016-11-01 02:44:10', 'KECAMATAN KRATON', 94),
(133, '2015BB1200000807', 'f579643b137711afe0e0026e6c87a6e6', 'DISDUKCAPIL KOTA YOGYAKARTA', 'DUKCAPIL_KOTAYOGYA11', '172.16.200.27', '111.68.24.99', '2016-11-01 02:44:12', 'KECAMATAN PAKUALAMAN', 96),
(134, '2015BB1200000957', '307b776baf76524f9e03488e4bdb47a5', 'DISDUKCAPIL KOTA MAGELANG', 'DUKCAPIL_KTMGLNG1', '172.16.200.27', '202.169.236.195', '2016-11-01 02:44:10', 'KELURAHAN REJOWINANGUN SELATAN', 97),
(135, '2015BB1200000283', 'ea624e8faaa4fd155e18f7239adfc529', 'DISDUKCAPIL KOTA MAGELANG', 'DUKCAPIL_KTMGLNG1', '172.16.200.27', '202.169.236.195', '2016-11-01 02:44:12', 'KELURAHAN MAGERSARI', 97),
(136, '2015BB1200000741', '39e1dfff32c7726620509bed52362246', 'DISDUKCAPIL KOTA MAGELANG', 'DUKCAPIL_KTMGLNG3', '172.16.200.27', '36.81.0.156', '2016-11-01 02:44:10', '3	DUKCAPIL_KTMGLNG3	DUKC4P1LKTM6L6.	CRD14000474	2015BB1200000741	KELURAHAN JURANGOMBO UTARA', 99),
(137, '2015BB1200000295', '5404efb5cd9bf3c104a2784030e8e7f4', 'DISDUKCAPIL KOTA MAGELANG', 'DUKCAPIL_KTMGLNG4', '172.16.200.27', '36.81.0.156', '2016-11-01 02:44:10', '4	DUKCAPIL_KTMGLNG4	DUKC4P1LKOT4M6L.	CRD14000707	2015BB1200000295	KELURAHAN JURANGOMBO SELATAN', 100),
(138, '2015BB1200000937', 'e6921951f307a01236606631d429eb28', 'DISDUKCAPIL KOTA MAGELANG', 'DUKCAPIL_KTMGLNG5', '172.16.200.27', '36.81.0.156', '2016-11-01 02:44:10', 'KELURAHAN TIDAR UTARA', 101),
(139, '2015BB1200000959', '61f0068eb036b2fff2ec9338ddc81fa4', 'DISDUKCAPIL KOTA MAGELANG', 'DUKCAPIL_KTMGLNG6', '172.16.200.27', '36.81.0.156', '2016-11-01 02:44:10', 'KELURAHAN TIDAR SELATAN', 102),
(140, '2015BB1200000879', 'cf12ec48a12a721398150e5e16af4d2b', 'DISDUKCAPIL KOTA MAGELANG', 'DUKCAPIL_KTMGLNG7', '172.16.200.27', '36.81.0.156', '2016-11-01 02:44:10', 'KELURAHAN WATES', 103),
(141, '2015BB1200000904', '71eff35385176022cdbe161d8bd84bfe', 'DISDUKCAPIL KOTA MAGELANG', 'DUKCAPIL_KTMGLNG8', '172.16.200.27', '36.81.0.156', '2016-11-01 02:44:10', 'KELURAHAN POTROBANGSAN', 104),
(142, '2015BB1200000936', '3ed29c71091f59a57fc6d768622c0ca6', 'DISDUKCAPIL KOTA MAGELANG', 'DUKCAPIL_KTMGLNG9', '172.16.200.27', '36.81.0.156', '2016-11-01 02:44:10', 'KELURAHAN KEDUNGSARI', 105),
(143, '2015BB1200000831', '30a9b1da0a528a3de1d5f41414a34d1b', 'DISDUKCAPIL KOTA MAGELANG', 'DUKCAPIL_KTMGLNG11', '172.16.200.27', '36.81.0.156', '2016-11-01 02:44:12', 'KELURAHAN KRAMAT SELATAN', 107),
(144, '2015BB1200000842', '847581ab14bc6451dc38e9174a18e78a', 'DISDUKCAPIL KOTA MAGELANG', 'DUKCAPIL_KTMGLNG12', '172.16.200.27', '36.81.0.156', '2016-11-01 02:44:12', 'KELURAHAN KEMIRIREJO', 108),
(145, '2015BB1200000519', 'c2c7f2c6b6a518918e0fba250aba8d1e', 'DISDUKCAPIL KOTA MAGELANG', 'DUKCAPIL_KTMGLNG13', '172.16.200.27', '36.81.0.156', '2016-11-01 02:44:12', 'KELURAHAN CACABAN', 109),
(146, '2015BB1200000500', 'ffdb69f1b78e66d3a856cb7e106978de', 'DISDUKCAPIL KOTA MAGELANG', 'DUKCAPIL_KTMGLNG14', '172.16.200.27', '36.81.0.156', '2016-11-01 02:44:12', 'KELURAHAN REJOWINANGUN UTARA', 110),
(147, '2015BB1200000811', '9d96f4f142355c7aaf1ce167a03fa50c', 'DISDUKCAPIL KOTA MAGELANG', 'DUKCAPIL_KTMGLNG15', '172.16.200.27', '36.81.0.156', '2016-11-01 02:44:03', 'KELURAHAN MAGELANG', 111),
(148, '2015BB1200000934', '7939534e241dc31438ef8d2c75b1a96f', 'DISDUKCAPIL KOTA MAGELANG', 'DUKCAPIL_KTMGLNG16', '172.16.200.27', '36.81.0.156', '2016-11-01 02:44:03', 'KELURAHAN PANJANG', 112),
(149, '2015BB12LN004257', '1d21e4bc233658fab20f50f51cd42a78', 'BANK RAKYAT INDONESIA (PERSERO)', 'BANK_BRI8', '172.16.200.27', '202.62.16.4', '2016-11-01 02:44:03', 'BRI KC BANDUNG ASIA AFRIKA', 222),
(150, '2015BB12LN004260', 'c5ffb3639b6b9a123a25235b0b9799e1', 'BANK RAKYAT INDONESIA (PERSERO)', 'BANK_BRI11', '172.16.200.27', '202.62.16.16', '2016-11-01 02:44:03', 'BRI KC BANDUNG NARIPAN', 225),
(151, '30154B75200178EE', '948c1d67c87516880914d62a7f3d8203', 'BANK RAKYAT INDONESIA (PERSERO)', 'BANK_BRI2', '172.16.200.27', '120.169.254.103', '2016-11-01 02:44:03', 'BRI KK THE PARK SOLO', 202),
(152, '30154B75200178ED', '8db6a5168587cfd35af3ffee8a1e46fe', 'BANK RAKYAT INDONESIA (PERSERO)', 'BANK_BRI1', '172.16.200.27', '36.73.154.107', '2016-11-01 02:44:03', 'BRI KK THE PARK SOLO', 201),
(153, '2015BB12LN004683', '1ec664356ad8ae08d67e50930898b49d', 'BANK RAKYAT INDONESIA (PERSERO)', 'BANK_BRI4', '172.16.200.27', '180.251.17.243', '2016-11-01 02:44:03', 'BRI KK CENTER POINT MEDAN', 204),
(154, '2015BB12LN004682', '5aa0995782cfdc75422f1cff43777c08', 'BANK RAKYAT INDONESIA (PERSERO)', 'BANK_BRI3', '172.16.200.27', '36.76.98.181', '2016-11-01 02:44:03', 'BRI KK CENTER POINT MEDAN', 203),
(155, '2015BB1200000836', 'b1d5e0c591d2851a8d92515ead62f14e', 'DISDUKCAPIL KAB KUNINGAN', 'DUKCAPIL_KNGAN2', '172.16.200.27', '46.23.66.109', '2016-11-01 02:44:04', 'FRONT OFFICE DISDUKCAPIL', 182),
(156, '2015BB1200000615', '91797887105601c5f48f7bed5542291e', 'BANK NEGARA INDONESIA (BNI)', 'BNI BANK1', '172.16.200.27', '172.18.48.64, 175.106.22.23', '2016-11-01 02:44:04', 'KANTOR BNI', 381),
(157, '2015BB1200000778', '8cfbd4d5969acc06336e4df3b5836886', 'BANK NEGARA INDONESIA (BNI)', 'BNI BANK2', '172.16.200.27', '172.18.48.64, 175.106.22.23', '2016-11-01 02:44:04', 'KANTOR BNI', 382),
(158, '2015BB1200000780', 'c0ba723c73099305ca2ea46acbd5f6df', 'DISDUKCAPIL KOTA YOGYAKARTA', 'DUKCAPIL_KOTAYOGYA7', '172.16.200.27', '111.68.24.99', '2016-11-01 02:44:04', 'KECAMATAN WIROBRAJAN', 92),
(159, '2015BB1200000650', '0b31d58325398cf9d56da8542f7287f4', 'DISDUKCAPIL KAB KUNINGAN', 'DUKCAPIL_KNGAN1', '172.16.200.27', '180.253.169.254', '2016-11-01 02:44:04', 'DINAS', 181),
(160, '2015BB1200000946', '0f24f7d0570d675cb12ef167c88a0b9b', 'PEMKOT PEKALONGAN', 'PEMKOT_PEKALONGAN_2', '172.16.200.27', '182.253.143.8', '2016-11-01 02:44:04', 'PUSKESMAS BENDAN', 25),
(161, '2015BB1200000921', '0c822c38b96f2cfcbd68c457036eea93', 'PEMKOT PEKALONGAN', 'PEMKOT_PEKALONGAN_1', '172.16.200.27', '182.253.143.8', '2016-11-01 02:44:04', 'KOTA PEKALONGAN', 24),
(162, '2015BB1200000561', '2f01bb5250d8ed151b13e3dd2838cb0c', 'DISDUKCAPIL KAB. KOTAWARINGIN TIMUR', 'DUKCAPIL KOTIM', '172.16.200.27', '203.130.240.126', '2016-11-01 02:44:04', 'DINAS DUKCAPILKOTAWARINGIN TIMUR', 401),
(163, '2015bb1200000783', 'b7cb2853cfdf5993dc644a20183948db', 'PEMKAB SERUYAN', 'PEMKAB_SERUYAN', '172.16.200.27', '128.199.99.114', '2016-11-01 02:44:04', 'DISDUKCAPIL', 21),
(164, '2015BB1200000760', '12b02d23dedaa5f1e5f639ebf6aa3adb', 'DUKCAPIL KOTA DENPASAR', 'CPILDNPSR1', '172.16.200.27', '222.124.29.197', '2016-11-01 02:44:04', 'DUKCAPIL KOTA DENPASAR', 442),
(165, '2015BB1200000287', '47f40e5f9ed27556ed0a1c9b39dbdc33', 'DUKCAPIL KOTA DENPASAR', 'CPILDNPSR2', '172.16.200.27', '222.124.29.197', '2016-11-01 02:44:04', 'DUKCAPIL KOTA DENPASAR', 443),
(166, '2015BB1200000781', 'dc45a7ee90dac266787797de8683dd76', 'DISDUKCAPIL KAB GROBOGAN', 'DUKCAPIL_GROBOGAN2', '172.16.200.27', '117.74.125.122', '2016-11-01 02:44:07', 'KABUPATEN GROBOGAN', 51),
(167, '2015BB1200000902', '3c4f0bb6cb8bdff5c98d92f8d0fda35c', 'BANK TABUNGAN NEGARA TBK', 'BANK BTN1', '172.16.200.27', '139.0.18.179', '2016-11-01 02:44:04', 'Bank BTN', 503),
(168, '2015BB1200000854', '26f252d8297c13dee5ab6fbb01cc25e7', 'BANK TABUNGAN NEGARA TBK', 'BANK BTN2', '172.16.200.27', '139.0.18.179', '2016-11-01 02:44:04', 'Bank BTN', 504),
(169, '2015BB1200000866', '326a190a002007aed8297a41a9f564ea', 'BANK TABUNGAN NEGARA TBK', 'BANK BTN3', '172.16.200.27', '139.0.18.179', '2016-11-01 02:44:04', 'Bank BTN', 505),
(170, '2015BB1200000855', 'f5854a4d8bf53b009bc2ecdb2131bad0', 'PT. TELKOM SIGMA', 'TELKOMSIGMA', '172.16.200.27', '118.97.82.218', '2016-11-01 02:44:04', 'GRAHA TELKOM SIGMA', 441),
(171, '2015BB1200000592', '6d13ad7bcf069f49b315c2d98bd2b8e7', 'DUKCAPIL KOTA BLITAR', 'DUKCAPIL_KTBLITAR1', '172.16.200.27', '36.71.105.207', '2016-11-01 02:44:04', 'DINAS DUKCAPIL KOTA BLITAR', 501),
(172, '2015BB1200000765', '09fd20b50f65f1f612a6db19adf08256', 'BIROPEM KALTENG', 'ROPEM KALTENG', '172.16.200.27', '61.5.117.104', '2016-11-01 02:44:04', 'Biro Pemerintahan Setda Prov. Kalimantan Tengah', 461),
(173, '2015BB12LN004688', '00a324c3533e049adec2982c50ae5cf2', 'BANK RAKYAT INDONESIA (PERSERO)', 'BANK_BRI5', '172.16.200.27', '139.0.7.107', '2016-11-01 02:44:04', 'BRI KK PACIFIC PLACE', 205),
(174, '2015BB12LN004689', 'd45f1f3a24e488aa58806321d5766f20', 'BANK RAKYAT INDONESIA (PERSERO)', 'BANK_BRI6', '172.16.200.27', '139.0.7.107', '2016-11-01 02:44:07', 'BRI KK PACIFIC PLACE', 206),
(175, '2015BB1200000839', 'd4fbe184ae946e6f5204ad3b7c0c6e6d', 'PT. TELKOMSEL', 'TELKOMSEL2', '172.16.200.27', '202.3.219.162', '2016-11-01 02:44:04', 'TELKOM WISMA MULIA', 522),
(176, '2016BB12LN005028', '330c3994f045219d9e3d0c42bbff23ae', 'BANK CENTRAL ASIA (BCA)', 'BCA1', '172.16.200.27', '202.6.213.10', '2016-11-01 02:44:04', 'MENARA BCA, JL MH THAMRIN NO 1 JAKARTA PUSAT', 541),
(177, '2016BB12LN004999', '0b722ce63c9bc9e6cc61e4c85ad67263', 'BANK CENTRAL ASIA (BCA)', 'BCA2', '172.16.200.27', '202.6.213.10', '2016-11-01 02:44:04', 'MENARA BCA, JL MH THAMRIN NO 1 JAKARTA PUSAT', 542),
(178, '2016BB12LN004842', 'f6f1fc989a2429b8e336baad1a6ec962', 'BANK CENTRAL ASIA (BCA)', 'BCA3', '172.16.200.27', '202.6.213.10', '2016-11-01 02:44:04', 'MENARA BCA, JL MH THAMRIN NO 1 JAKARTA PUSAT', 543),
(179, '2016BB12LN004991', '6f898b980e091ddd64423f22027dd044', 'BANK CENTRAL ASIA (BCA)', 'BCA4', '172.16.200.27', '202.6.213.10', '2016-11-01 02:44:04', 'MENARA BCA, JL MH THAMRIN NO 1 JAKARTA PUSAT', 544),
(180, '2016BB12LN004962', '443218ce65dd8a4c9a67832ada22093c', 'BANK CENTRAL ASIA (BCA)', 'BCA5', '172.16.200.27', '202.6.213.10', '2016-11-01 02:44:04', 'MENARA BCA, JL MH THAMRIN NO 1 JAKARTA PUSAT', 545),
(181, '2016BB12LN004852', '404f8647476182a298dfafb05c34577c', 'BANK CENTRAL ASIA (BCA)', 'BCA7', '172.16.200.27', '202.6.213.10', '2016-11-01 02:44:04', 'MENARA BCA, JL MH THAMRIN NO 1 JAKARTA PUSAT', 546),
(182, '2016BB12LN004890', '666f664f260f89060b1278140000fd19', 'BANK CENTRAL ASIA (BCA)', 'BCA9', '172.16.200.27', '202.6.213.10', '2016-11-01 02:44:05', 'MENARA BCA, JL MH THAMRIN NO 1 JAKARTA PUSAT', 548),
(183, '2016BB12LN004933', '2480f1bcb04a14985c2a845facdae8ed', 'BANK CENTRAL ASIA (BCA)', 'BCA10', '172.16.200.27', '202.6.213.10', '2016-11-01 02:44:05', 'MENARA BCA, JL MH THAMRIN NO 1 JAKARTA PUSAT', 549),
(184, '2016BB12LN004837', '298e7f669e6edf0091080bd02b7fdea3', 'BANK CENTRAL ASIA (BCA)', 'BCA8', '172.16.200.27', '202.6.213.10', '2016-11-01 02:44:05', 'MENARA BCA, JL MH THAMRIN NO 1 JAKARTA PUSAT', 547),
(185, '2015BB12LN005005', '88ac569dcb86104f2319b5f7a0672bc3', 'BANK CENTRAL ASIA (BCA)', 'BCA6', '172.16.200.27', '202.6.213.10', '2016-11-01 02:44:05', 'MENARA BCA, JL MH THAMRIN NO 1 JAKARTA PUSAT', 561),
(186, '2015BB1200000829', '74155eee6af13de14b1157d0171f8830', 'BPPT', 'BPPT', '172.16.200.27', '103.224.136.2', '2016-11-01 02:44:07', 'KANTOR BPPT', 421),
(187, '2015BB1200000769', '4f26ed333cb5cb528218b26d8dfbc333', 'BADAN NARKOTIKA NASIONAL', 'BNN2', '172.16.200.27', '103.3.70.250', '2016-11-01 02:44:05', 'BNN JAKARTA', 582),
(188, '2015BB1200000814', 'bd560e95014b64f0e0ab03a74ef0d75e', 'BADAN NARKOTIKA NASIONAL', 'BNN1', '172.16.200.27', '103.3.70.250', '2016-11-01 02:44:07', 'BNN JAKARTA', 581),
(189, '2015BB1200000747', '2312288bd560a3a6d4d26c357a26eed7', 'DUKCAPIL KAB BOYOLALI', 'DUKCAPILBYLALI_1', '172.16.200.27', '36.81.1.212', '2016-11-01 02:44:07', 'DISPENDUKCAPIL KAB BOYOLALI', 641),
(190, '2015BB1200000917', 'f64cb2041ba728a286725e9636acaf07', 'DUKCAPIL KAB BOYOLALI', 'DUKCAPILBYLALI_2', '172.16.200.27', '36.81.1.212', '2016-11-01 02:44:07', 'DISPENDUKCAPIL KAB BOYOLALI', 642),
(191, '2015BB1200000680', '09c280a74e3525f11c16244a51460e63', 'DUKCAPIL KAB BOYOLALI', 'DUKCAPILBYLALI_2', '172.16.200.27', '36.81.1.212', '2016-11-01 02:44:07', 'DISPENDUKCAPIL KAB BOYOLALI', 642),
(192, '2015BB1200000296', 'b2ed0873641377d7e9c14c63b8b1fea1', 'DUKCAPIL KAB BOYOLALI', 'DUKCAPILBYLALI_2', '172.16.200.27', '36.81.1.212', '2016-11-01 02:44:07', 'DISPENDUKCAPIL KAB BOYOLALI', 642),
(193, '2015BB12LN004868', '082a630d959473225057fa5a2439bb32', 'BANK KALBAR', 'BANKKALBAR_1', '172.16.200.27', '192.168.50.26, 118.97.209.68', '2016-11-01 02:44:07', 'KANTOR  CABANG UTAMA PONTIANAK JALAN RAHADI OSMAN NO 10 PONTIANAK', 671),
(194, '2015BB1200000297', 'dee0ad1448e34265d2621c887a409098', 'DUKCAPIL KOTA BLITAR', 'DUKCAPIL_KTBLITAR2', '172.16.200.27', '36.71.105.207', '2016-11-01 02:44:07', 'DISPENDUKCAPIL', 502),
(195, '30L54B7520017829', 'fb6bb8e4936c7492d8b83ed05bb02bc4', 'BANK RAKYAT INDONESIA (PERSERO)', 'BANK_BRI107', '172.16.200.27', '139.0.7.98', '2016-11-01 02:44:07', 'KK SOEKARNO HATTA T3', 336),
(196, '30L54B75200178EF', 'e463faf39a1fd212a9e13dd40f00e9be', 'BANK RAKYAT INDONESIA (PERSERO)', 'BANK_BRI109', '172.16.200.27', '139.0.7.98', '2016-11-01 02:44:07', 'KK SOEKARNO HATTA T3', 338),
(197, '30L54B75200178F3', 'a4c29b7b1bc35ced0ba2ff59d885493f', 'BANK RAKYAT INDONESIA (PERSERO)', 'BANK_BRI113', '172.16.200.27', '139.0.7.98', '2016-11-01 02:44:07', 'KK SOEKARNO HATTA T3', 342),
(198, '30L54B75200178FD', '4e78c46924e0bc50f46e1998e09f2d14', 'BANK RAKYAT INDONESIA (PERSERO)', 'BANK_BRI119', '172.16.200.27', '139.0.7.98', '2016-11-01 02:44:07', 'KK SOEKARNO HATTA T3', 348),
(199, '2015BB12LN004676', '5a811fc45e22e6cca5754161df670dbb', 'BANK RAKYAT INDONESIA (PERSERO)', 'BANK_BRI109', '172.16.200.27', '202.62.16.89', '2016-11-01 02:44:07', 'KK SOEKARNO HATTA T3', 338),
(200, '2015BB12LN004672', '31a6ceb69e375d5b116464072ea55668', 'BANK RAKYAT INDONESIA (PERSERO)', 'BANK_BRI107', '172.16.200.27', '202.62.16.89', '2016-11-01 02:44:07', 'KK SOEKARNO HATTA T3', 336),
(201, '2015BB12LN004690', 'efc6f962450796e5da0aef0567eb975e', 'BANK RAKYAT INDONESIA (PERSERO)', 'BANK_BRI119', '172.16.200.27', '202.62.16.89', '2016-11-01 02:44:07', 'KK SOEKARNO HATTA T3', 348),
(202, '2015BB12LN004680', '3c6abe4af64160aacd22ce59314c4142', 'BANK RAKYAT INDONESIA (PERSERO)', 'BANK_BRI113', '172.16.200.27', '202.62.16.89', '2016-11-01 02:44:07', 'KK SOEKARNO HATTA T3', 342),
(203, '2015BB1200000559', 'c27b47f639fac92ab83e3b526e9469ac', 'DISDUKCAPIL KAB PURWOREJO', 'DKCPLPURWRJ', '172.16.200.27', '180.250.150.185', '2016-11-01 02:44:07', 'DISDUKCAPIL KAB. PURWOREJO', 681),
(204, '2015BB1200000699', '577dd46ff0f9b682173adc98247610ad', 'DISDUKCAPIL KAB SRAGEN', 'DKCPLSRAGEN', '172.16.200.27', '192.168.4.1, 36.81.3.239', '2016-11-01 02:44:07', 'pelayanan', 701),
(205, '2015BB1200000290', '7b2668527adbe7de4050d58aef219c78', 'BANK NEGARA INDONESIA (BNI)', 'BANK BNI-1', '172.16.200.27', '172.18.48.64, 175.106.22.40', '2016-11-01 02:44:07', 'BNI', 721),
(206, '2015BB1200000935', 'efb5689a55363d90b7679e72246fa624', 'BANK NEGARA INDONESIA (BNI)', 'BANK BNI-3', '172.16.200.27', '172.18.48.64, 175.106.22.23', '2016-11-01 02:44:08', 'BNI', 723),
(207, '2015BB1200000742', '26608aca446f26369f339ee4a7746930', 'BANK NEGARA INDONESIA (BNI)', 'BANK BNI-2', '172.16.200.27', '172.18.48.64, 175.106.22.40', '2016-11-01 02:44:08', 'BNI', 722),
(208, '2015BB1200000815', 'c3f90024c931de993d0a2a6c5a7c3409', 'BANK NEGARA INDONESIA (BNI)', 'BANK BNI-4', '172.16.200.27', '172.18.48.64, 175.106.22.23', '2016-11-01 02:44:08', 'BNI', 724),
(209, '2015BB1200000850', 'fce6cd808c6de79c726e0c58bbd43d28', 'BANK NEGARA INDONESIA (BNI)', 'BANK BNI-5', '172.16.200.27', '172.18.48.64, 175.106.22.23', '2016-11-01 02:44:08', 'BNI', 725),
(210, '2015BB1200000863', 'a80b46fc35124fe359c5972806b80a16', 'BANK NEGARA INDONESIA (BNI)', 'BANK BNI-6', '172.16.200.27', '172.18.48.64, 175.106.22.23', '2016-11-01 02:44:08', 'BNI', 726),
(211, '2015BB1200000907', '7e1c5e3f06fd4c29f3789c6f5a2450eb', 'BANK NEGARA INDONESIA (BNI)', 'BANK BNI-7', '172.16.200.27', '172.18.48.64, 175.106.22.23', '2016-11-01 02:44:08', 'BNI', 727),
(212, '2015BB1200000816', '1ffde59be19e724a14f04911aa7da57f', 'BANK NEGARA INDONESIA (BNI)', 'BANK BNI-8', '172.16.200.27', '172.18.48.64, 175.106.22.40', '2016-11-01 02:44:08', 'BNI', 728),
(213, '2015BB1200000583', 'f8254f35ed9f1e3fa901181217018edb', 'BANK NEGARA INDONESIA (BNI)', 'BANK BNI-9', '172.16.200.27', '172.18.48.64, 175.106.22.40', '2016-11-01 02:44:08', 'BNI', 729),
(214, '2015BB1200000809', 'da66fd8297432bdb6a75359dafb07ed2', 'BANK NEGARA INDONESIA (BNI)', 'BANK BNI-10', '172.16.200.27', '172.18.48.64, 175.106.22.40', '2016-11-01 02:44:08', 'BNI', 730),
(215, '2015BB1200000577', 'beb92a97d3d1186e9a76ce6f0e743b46', 'BANK NEGARA INDONESIA (BNI)', 'BANK BNI-11', '172.16.200.27', '172.18.48.64, 175.106.22.38', '2016-11-01 02:44:08', 'BNI', 731),
(216, '2015BB12LN004836', 'f607a6739d3de2caeba90e43b09e268c', 'BANK TABUNGAN NEGARA TBK', 'BANK BTN-1', '172.16.200.27', '114.121.157.7', '2016-11-01 02:44:08', 'BANK BTN', 741),
(217, '2015BB12LN004858', '68f03e4f27f2d62231da618f19588df4', 'BANK TABUNGAN NEGARA TBK', 'BANK BTN-2', '172.16.200.27', '114.121.157.7', '2016-11-01 02:44:08', 'BANK BTN', 742),
(218, '2015BB1200000304', 'd5eecc615cff027d673f478bd10ab1ba', 'BPR BUMIBEKASI ARTHA', 'BPR-BMBKSARTHA-1', '172.16.200.27', '36.77.20.13', '2016-11-01 02:44:08', 'BPR BBA PUSAT', 761),
(219, '2015BB1200000305', '6925fece5b1eaa7fd222abb2f7e92403', 'BPR BUMIBEKASI ARTHA', 'BPR-BMBKSARTHA-2', '172.16.200.27', '36.77.20.13', '2016-11-01 02:44:08', 'BPR BBA PUSAT', 762),
(220, '2015BB1200000621', '4243ae651aa7d8b20b902dad426ff02d', '', '', '127.0.0.1', '', '2016-11-01 10:00:12', 'UNTUK BACA', 784),
(221, '30154B7500006049', '69c1411fd0cc46966242941b60fc67d7', '', '', '127.0.0.1', '', '2016-11-01 10:00:12', 'test', 784),
(222, '2015BB1200000676', '6fc8ac0c9cf3156490c6b4432baa4567', '', '', '123.231.225.202', '', '2016-11-01 10:00:12', 'BPR KS Setiabudi', 783),
(223, '2015BB1200000371', '2157ddb97708db6afc13648888d64938', '', '', '112.215.65.106', '', '2016-11-01 10:00:12', 'BPRKS Leuwi Panjang', 783),
(224, '2015BB1200000376', 'd56a22972035a90f69f678205016bf6b', '', '', '112.215.65.106', '', '2016-11-01 10:00:12', 'BPRKS Leuwi Panjang', 783),
(225, '2015BB1200000681', '106c152ce5c4a0ef0de2c45c60cb4fc9', '', '', '123.231.225.202', '', '2016-11-01 10:00:12', 'BPR KS Setiabudi', 783),
(226, '2015BB1200000558', 'f3c11b7f71e4f21ee65dd31985563e6f', '', '', '36.79.176.110', '', '2016-11-01 10:00:13', 'BPRKS Leuwi Panjang', 783),
(227, '2015BB1200000458', '1e436795f7b1f5a56c8c60d93627fb2c', '', '', '123.231.225.202', '', '2016-11-01 10:00:13', 'BPR KS Pusat', 783),
(228, '2015BB1200000696', '0dc73e79ebd099446482a9b9ee3cf109', '', '', '36.79.176.110', '192.168.74.78', '2016-11-01 10:00:13', 'BPRKS Leuwi Panjang', 783),
(229, '2015BB1200000648', 'ac0f7fe24f5543f93e0ab854d5d98b74', '', '', '36.79.176.110', '192.168.74.78', '2016-11-01 10:00:13', 'BPR KS PUSAT', 783),
(230, '2015BB1200000512', '50099c0e4b5d06ce2377e97390311125', '', '', '36.79.176.110', '192.168.74.78', '2016-11-01 10:00:13', 'BPR KS PUSAT', 783),
(231, '2015BB1200000375', '98794568d1817e7149b53d289e571786', '', '', '36.79.176.110', '192.168.74.78', '2016-11-01 10:00:13', 'BPR KS MALABAR', 783),
(232, '20215BB120000044', '54566da0c5ae2e37fa94ac7cdff63f90', '', '', '36.79.176.110', '192.168.74.78', '2016-11-01 10:00:13', 'BPR KS MALABAR', 783),
(233, '2015BB1200000447', '757b5ae09db782801572ee8295ba1c23', '', '', '36.79.176.110', '192.168.74.78', '2016-11-01 10:00:13', 'BPR KS MALABAR', 783),
(234, '2015BB1200000596', '17cbc76cb7a13ec49e184bb22b67b8be', '', '', '36.79.176.110', '192.168.74.78', '2016-11-01 10:00:13', 'BPR KS MALABAR', 783),
(235, '2015BB1200000369', 'f4200b1525dbb560089a99944b8a3341', '', '', '36.79.176.110', '192.168.74.78', '2016-11-01 10:00:13', 'BPR KS DAGO', 783),
(236, '2015BB1200000677', 'cb9f6574c1d60149d5869fcdd0e6025f', '', '', '36.79.176.110', '192.168.74.78', '2016-11-01 10:00:13', 'BPR KS DAGO', 783),
(237, '2015BB1200000373', '415290172cffd648c36577d309ff482b', '', '', '123.231.225.202', '', '2016-11-01 10:00:13', 'BPR KS Losari', 783),
(238, '2015BB1200000457', 'd3fe5993fc6d2d771c8ae16623c02a7c', '', '', '123.231.225.202', '', '2016-11-01 10:00:13', 'BPR KS Losari', 783),
(239, '2015BB1200000448', '7f3364c1cd04c2da92c48340f7ef28b2', '', '', '123.231.225.202', '', '2016-11-01 10:00:13', 'BPR KS Losari', 783),
(240, '2015BB1200000678', '09b90144cbdb729416190a1c8200c222', '', '', '123.231.225.202', '', '2016-11-01 10:00:13', 'BPR KS Garut', 783),
(241, '2015BB1200000365', '07d7433be4e8c842ef50b5fec8d49696', '', '', '123.231.225.202', '', '2016-11-01 10:00:13', 'BPR KS Garut', 783),
(242, '2015BB1200000526', 'ab7cf10d3abb375e461c259f3c37f8d6', '', '', '123.231.225.202', '', '2016-11-01 10:00:13', 'BPR KS Garut', 783),
(243, '2015BB1200000511', 'afb91eb9aa50a3b90ced9613c13690ed', '', '', '123.231.225.202', '', '2016-11-01 10:00:13', 'BPR KS Garut', 783),
(244, '2015BB1200000360', 'b961f0b5a488d86cf5381ddd912c40c7', '', '', '123.231.225.202', '', '2016-11-01 10:00:13', 'BPR KS Cianjur', 783),
(245, '2015BB1200000453', '3ee8cdc70883b4c3f899f21504f4ddbf', '', '', '123.231.225.202', '', '2016-11-01 10:00:13', 'BPR KS Cianjur', 783),
(246, '2015BB1200000529', 'dbcc3b04a2f8495f0eedd31d8c715642', '', '', '123.231.225.202', '', '2016-11-01 10:00:13', 'BPR KS Cianjur', 783),
(247, '30154B7500016664', '846ffd86f26a6e1464dbe562d375943d', '', '', '180.250.113.138', '', '2016-11-01 10:00:13', 'KEL. KARANGPANIMBAL', 787),
(248, '30154B7500016657', '2a8e0ab373e87e3ac8f7ee791cf4bdb9', '', '', '36.72.173.106', '', '2016-11-01 10:00:13', 'Kelurahan Pataruman', 787),
(249, '2015BB1200000900', 'e4f8b21f9515dff442620a1612ed8f23', '', '', '139.0.70.254', '', '2016-11-01 10:00:13', 'JAKARTA', 788),
(250, '30154B7500016647', '6258b4a92d2b2ace17c82cf8e73e4249', '', '', '36.72.173.106', '', '2016-11-01 10:00:13', 'Kelurahan Bojongkantong', 787),
(251, '30154B750001664D', 'db9f402a48a8d6e6ed784744c3d8d642', '', '', '36.72.173.106', '', '2016-11-01 10:00:13', 'Disdukpil Kota Banjar', 787),
(252, '30154B750001664E', '63c16e58a68cbdc7a81ae50cbc8bcef8', '', '', '36.72.173.106', '', '2016-11-01 10:00:13', 'Disdukpil Kota Banjar', 787),
(253, '30154B750001654C', 'c529242098decfcbf8746ca68aadca54', '', '', '36.72.173.106', '', '2016-11-01 10:00:13', 'Disdukpil Kota Banjar', 787),
(254, '30154B750001665E', '0ee9a946a47c37af09b9bc760ce4cfe4', '', '', '36.72.173.106', '', '2016-11-01 10:00:13', 'Kelurahan Banjar', 787),
(255, '30154B750001664F', '2bbca0edd1a70b12e4c94db67fb9f53b', '', '', '36.72.173.106', '', '2016-11-01 10:00:13', 'Kelurahan Mekarsari', 787),
(256, '30154B7500016659', '6b8517e1cde9816fbfc852271bbd0652', '', '', '36.72.173.106', '', '2016-11-01 10:00:13', 'Kelurahan Situbatu', 787),
(257, '30154B7500016656', '97516460774749076a59c3807eaba0c0', '', '', '36.72.173.106', '', '2016-11-01 10:00:13', 'Kelurahan Hegarsari', 787),
(258, '30154B750001664C', 'e027f0df903a819d25cb065ca1160f09', '', '', '36.72.173.106', '', '2016-11-01 10:00:13', 'Kelurahan Purwaharja', 787),
(259, '30154B750001665F', '16e8af9251b97671d66b6fd8ef277f2b', '', '', '36.72.173.106', '', '2016-11-01 10:00:13', 'Kelurahan Muktisari', 787),
(260, '2015BB1200000776', 'f5bb6b8158afa99440a94ff8f468f14c', '', '', '36.79.249.141', '', '2016-11-01 10:00:14', 'KANTOR PUSAT OPERASIONAL BPR SUPRA ARTA PERSADA', 781),
(261, '2015BB1200000779', '377cb19ee89f63ec45583f82bf360510', '', '', '36.79.249.141', '', '2016-11-01 10:00:14', 'KANTOR PUSAT OPERASIONAL BPR SUPRA ARTAPERSADA', 782),
(262, '2015BB1200000319', 'bbb939a15c65b8c8912255a72d8ac6d9', '', '', '36.77.20.13', '', '2016-11-01 10:00:14', 'BPR BBA PUSAT', 764),
(264, '2015BB1200000320', 'd24c11f84d61d6b0711fb2b72c2f6ecd', '', '', '36.77.20.13', '', '2016-11-01 10:04:47', 'BPR BBA PUSAT', 761),
(265, '2015BB1200000322', '691716592334a27391dbebfe4c5e2a08', '', '', '36.77.20.13', '', '2016-11-01 10:04:47', 'BPR BBA CAB KARAWANG', 761),
(267, '2015BB1200000318', '9e4a9faee4d9654b533bf770befa4060', '', '', '36.77.20.13', '', '2016-11-01 10:05:15', 'BPR BBA PUSAT', 761),
(268, '2015BB1200000321', '2e2c220a8b4503cdb00cf917b14f0d7d', '', '', '36.77.20.13', '', '2016-11-01 10:05:19', 'BPR BBA PUSAT', 761),
(269, '2015BB1200000323', '824e3f802366aec9ec9ebc90d1f5ace2', '', '', '36.77.20.13', '', '2016-11-01 10:05:22', 'BPR BBA CAB KARAWANG', 761),
(270, '2015BB1200000324', 'cb054da4423acba7185eb51e692acebf', '', '', '36.77.20.13', '', '2016-11-01 10:05:22', 'BPR BBA CAB BOGOR', 761),
(271, '2015BB1200000325', '0f600fd97ec574463ea7f2f21e7dd541', '', '', '36.77.20.13', '', '2016-11-01 10:05:22', 'BPR BBA CAB BOGOR', 761),
(272, '2015BB1200000326', '43306b512841c2f0607bd963404f6faf', '', '', '36.77.20.13', '', '2016-11-01 10:05:22', 'BPR BBA CAB CIKARANG', 761),
(273, '2015BB1200000327', 'abc01046013d32eb59c7a6759a199917', '', '', '36.77.20.13', '', '2016-11-01 10:05:52', 'BPR BBA CAB CIKARANG', 761),
(274, '2015BB1200000328', '424b108cc40c061443ace9a165824ce8', '', '', '36.77.20.13', '', '2016-11-01 10:05:53', 'BPR BBA CAB TANGERANG', 761),
(275, '2015BB1200000329', '902eb21b67a515cb6e23fee91d568ff7', '', '', '36.77.20.13', '', '2016-11-01 10:05:55', 'BPR BBA CAB TANGERANG', 761),
(276, '2015BB1200000330', 'd6ad7f0ab9a69802679a7a6494a89312', '', '', '36.77.20.13', '', '2016-11-01 10:05:57', 'BPR BBA CAB TAMBUN', 761),
(277, '2015BB1200000331', '19b44cfe17bdefe461c80c135c37d976', '', '', '36.77.20.13', '', '2016-11-01 10:05:59', 'BPR BBA CAB TAMBUN', 761),
(278, '2015BB1200000332', 'cacb0f4ea5078f5fd6f06e98e4b2769e', '', '', '36.77.20.13', '', '2016-11-01 10:06:06', 'BPR BBA CAB ROXY JAKARTA', 761),
(279, '2015BB1200000333', '53e476549427c32ca0db52a21930174d', '', '', '36.77.20.13', '', '2016-11-01 10:06:06', 'BPR BBA CAB ROXY JAKARTA', 761),
(280, '2015BB1200000334', '2497a6acbb819f71a5239da4eed95c0b', '', '', '36.77.20.13', '', '2016-11-01 10:06:06', 'BPR BBA CAB MEDAN SATRIA-BEKASI', 761),
(281, '2015BB1200000336', 'a1c2f04b28d33fd4a66e02c66100f4fc', '', '', '36.77.20.13', '', '2016-11-01 10:06:06', 'BPR BBA CAB MEDAN SATRIA-BEKASI', 761),
(282, '2015BB12LN004916', '45d5a83dac082e4ba2b44a3da3400d2e', '', '', '202.52.14.102', '172.21.148.113', '2016-11-01 10:06:06', 'BANK OCBC NISP BANDUNG', 785),
(283, '2015BB12LN004855', 'e20138d5c97ce99ff6b73f5a50901919', '', '', '202.52.14.102', '172.21.148.113', '2016-11-01 10:06:06', 'BANK OCBC NISP JAKARTA', 786),
(284, '2015BB1200000734', 'b6eb87ac3fe87d3615b701d5ff232b42', '', '', '180.250.113.138', '', '2016-11-01 10:06:06', 'BEKASI', 789);
INSERT INTO `sam_license` (`id_sam_license`, `sam_id`, `license`, `nama_institusi`, `nama_user`, `ip_user`, `ip_proxy`, `tgl_buat`, `keterangan`, `id_user_license`) VALUES
(285, '2015BB1200000719', 'ebb7922e158339ec62b386a2d53fe171', '', '', '36.79.176.110', '192.168.74.49', '2016-11-01 10:06:06', 'BPRKS TASIKMALAYA', 783),
(286, '2015BB1200000567', '09f0d75c83178d355af661eeb4faf09a', '', '', '36.79.176.110', '192.168.74.49', '2016-11-01 10:06:06', 'BPRKS TASIKMALAYA', 783),
(287, '2015BB1200000516', '9e2ff18309090a9a89ef66a560466401', '', '', '36.79.176.110', '192.168.74.49', '2016-11-01 10:06:06', 'BPRKS TASIKMALAYA', 783),
(288, '2015BB1200000445', '7f5daa122d44f3657964bcbf4be49afd', '', '', '36.79.176.110', '192.168.74.49', '2016-11-01 10:06:06', 'BPR KS DAGO', 783),
(289, '2015BB1200000616', '87c95cdf44895196f0a61bdd29b6fc01', '', '', '36.79.176.110', '192.168.74.49', '2016-11-01 10:06:06', 'BPRKS SUMEDANG', 783),
(290, '2015BB1200000446', '8888ce0041d71bea181d3e9b60dcaaf6', '', '', '36.79.176.110', '192.168.74.49', '2016-11-01 10:06:06', 'BPRKS SUMEDANG', 783),
(291, '2015BB1200000690', '5a3de6e63b7c391e9c491cfe57c9c742', '', '', '36.79.176.110', '192.168.74.49', '2016-11-01 10:06:06', 'BPRKS SUMEDANG', 783),
(292, '2015BB1200000604', 'cb202480b4976829d0e2c553cf8a2396', '', '', '36.79.176.110', '192.168.74.49', '2016-11-01 10:06:06', 'BPR KS Setiabudi', 783),
(293, '2015BB1200000462', 'f0fbc05fce30f927267e668b65886218', '', '', '36.79.176.110', '192.168.74.49', '2016-11-01 10:06:06', 'BPRKS TUPAREV', 783),
(294, '2015BB1200000547', '0f7f78cc376fbef9b71d3682a37c78d0', '', '', '36.79.176.110', '192.168.74.49', '2016-11-01 10:06:06', 'BPRKS TUPAREV', 783),
(295, '2015BB1200000603', '69bb5930eed13835629ba9e4ea3ab82f', '', '', '36.79.176.110', '192.168.74.49', '2016-11-01 10:06:06', 'BPRKS TUPAREV', 783),
(296, '2015BB1200000374', '7951c6b34cf584397ad8d93a93ecd916', '', '', '36.79.176.110', '192.168.74.49', '2016-11-01 10:06:06', 'BPRKS SILIWANGI', 783),
(297, '2015BB1200000480', '5203c217270ae51c193c49edeb0513fc', '', '', '36.79.176.110', '192.168.74.49', '2016-11-01 10:06:06', 'BPRKS SILIWANGI', 783),
(298, '2015BB1200000461', 'fa7fe564b72800fc0dcc3c3a47a96cbc', '', '', '36.79.176.110', '192.168.74.49', '2016-11-01 10:06:06', 'BPRKS SILIWANGI', 783),
(299, '2015BB1200000693', 'b08c5d0cf5715f4986107363c6436c55', '', '', '36.79.176.110', '192.168.74.49', '2016-11-01 10:06:06', 'BPRKS JATIBARANG', 783),
(300, '2015BB1200000595', '419a5fffa1680ba1e91758bc78efbaf1', '', '', '36.79.176.110', '192.168.74.49', '2016-11-01 10:06:06', 'BPRKS JATIBARANG', 783),
(301, '2015BB1200000605', '693ce90adc2280425acba20bc3105bea', '', '', '36.79.176.110', '192.168.74.49', '2016-11-01 10:06:07', 'BPRKS JATIBARANG', 783),
(302, '2015BB1200000460', '59233a21ed587579f6cfdc37ec6767d4', '', '', '36.79.176.110', '192.168.74.49', '2016-11-01 10:06:07', 'BPRKS KADIPATEN', 783),
(303, '2015BB1200000381', '9dddc4ebe84528cdbb3d0214a2448805', '', '', '36.79.176.110', '192.168.74.49', '2016-11-01 10:06:07', 'BPRKS KADIPATEN', 783),
(304, '2015BB1200000705', '891745746777f4628fdd21dab59ac5c6', '', '', '36.79.176.110', '192.168.74.49', '2016-11-01 10:06:07', 'BPRKS KADIPATEN', 783),
(305, '2015BB1200000663', '3a304d20ae4179127897da4c93c94267', '', '', '36.79.176.110', '192.168.74.49', '2016-11-01 10:06:07', 'BPRKS KOPO', 783),
(306, '2015BB1200000523', '74a82fab56c156a383691bb701874c50', '', '', '36.79.176.110', '192.168.74.49', '2016-11-01 10:06:07', 'BPRKS KOPO', 783),
(308, '2015BB1200000683', '2285ecf12fee7e282806e4df97f3ec6f', '', '', '36.79.176.110', '192.168.74.49', '2016-11-01 10:06:46', 'BPRKS MERDEKA', 783),
(309, '2015BB1200000423', '31f0e3cc07541ee108c75c7942da7bbe', '', '', '36.79.176.110', '192.168.74.49', '2016-11-01 10:06:46', 'BPRKS MERDEKA', 783),
(310, '2015BB1200000416', '7b66884f9d97f30f4737b392221fd224', '', '', '36.79.176.110', '192.168.74.49', '2016-11-01 10:06:46', 'BPRKS MERDEKA', 783),
(311, '2015BB1200000418', 'a33c2f157a45ca398a984a58edd57d45', '', '', '36.79.176.110', '192.168.74.49', '2016-11-01 10:06:46', 'BPRKS RANCAEKEK', 783),
(312, '2015BB1200000385', '28de80f65c2c61d58cf49f92f4f6ebfe', '', '', '36.79.176.110', '192.168.74.49', '2016-11-01 10:06:46', 'BPRKS RANCAEKEK', 783),
(313, '2015BB1200000481', '71c822d4e2fa19f977cd31eda2b262cb', '', '', '36.79.176.110', '192.168.74.49', '2016-11-01 10:06:51', 'BPRKS RANCAEKEK', 783),
(314, '2015BB1200000611', 'da94b7c55f9cf6485f8b2f1a681857da', '', '', '36.79.176.110', '192.168.74.49', '2016-11-01 10:06:51', 'BPRKS KIARACONDONG', 783),
(315, '2015BB1200000666', '7461ae07500b7fcd6d6082d9ea9ad3e8', '', '', '36.79.176.110', '192.168.74.49', '2016-11-01 10:06:51', 'BPRKS KIARACONDONG', 783),
(316, '2015BB1200000610', '16d4d302e825107956ab061ac1ae834f', '', '', '36.79.176.110', '192.168.74.49', '2016-11-01 10:06:51', 'BPRKS KIARACONDONG', 783),
(317, '2015BB1200000654', '089684facc301c0e3f0400907f59a56c', '', '', '36.79.176.110', '192.168.74.49', '2016-11-01 10:06:51', 'BPRKS SUKABUMI', 783),
(318, '2015BB1200000482', 'aa836fb84fee2e734dc546ce9ed9f893', '', '', '36.79.176.110', '192.168.74.49', '2016-11-01 10:06:51', 'BPRKS SUKABUMI', 783),
(319, '2015BB1200000554', '4a81ccea5a7698d4fd5d65c1a3d1365d', '', '', '36.79.176.110', '192.168.74.49', '2016-11-01 10:06:51', 'BPRKS SUKABUMI', 783),
(320, '2015BB1200000417', '3f8a7afaebdcd51a567fa8de05b643df', '', '', '36.79.176.110', '192.168.74.49', '2016-11-01 10:06:51', 'BPRKS PURWAKARTA', 783),
(321, '2015BB1200000698', 'a8fffbe31e719018c867660dd81abf38', '', '', '36.79.176.110', '192.168.74.49', '2016-11-01 10:06:51', 'BPRKS PURWAKARTA', 783),
(322, '2015BB1200000380', '53f7d1fb67f9ec758e31433f63bef46c', '', '', '36.79.176.110', '192.168.74.49', '2016-11-01 10:06:51', 'BPRKS PURWAKARTA', 783),
(323, '2015BB1200000710', 'd8e5aadd4e8daa507228add622c435e1', '', '', '36.79.176.110', '192.168.74.49', '2016-11-01 10:06:51', 'BPRKS KATAPANG', 783),
(324, '2015BB1200000361', '98f378b3b061ef5c7a4d63101f5661e6', '', '', '36.79.176.110', '192.168.74.49', '2016-11-01 10:06:51', 'BPRKS KATAPANG', 783),
(325, '2015BB1200000384', 'a659bd3a5538c21318e997057355a605', '', '', '36.79.176.110', '192.168.74.49', '2016-11-01 10:06:51', 'BPRKS KATAPANG', 783),
(326, '2015BB1200000717', '21dea1a33e270a883efd8781440444d9', '', '', '36.79.176.110', '192.168.74.49', '2016-11-01 10:06:51', 'BPRKS SUDIRMAN', 783),
(327, '2015BB1200000598', 'a4d7591f41fd152ed921892f0b52386a', '', '', '36.79.176.110', '192.168.74.49', '2016-11-01 10:06:51', 'BPRKS SUDIRMAN', 783),
(328, '2015BB1200000513', '40e5d8836a0c47b802e2c7bc2a7f848a', '', '', '36.79.176.110', '192.168.74.49', '2016-11-01 10:06:51', 'BPRKS SUDIRMAN', 783),
(329, '2015BB1200000467', '809b59e2a88c7bfec9bf71a87af00f11', '', '', '36.79.176.110', '192.168.74.49', '2016-11-01 10:06:51', 'BPRKS BATUNUNGGAL', 783),
(330, '2015BB1200000415', '8d6fe51b8cd87db329505825342e2d62', '', '', '36.79.176.110', '192.168.74.49', '2016-11-01 10:06:51', 'BPRKS BATUNUNGGAL', 783),
(331, '2015BB1200000367', '505c1df96d51908ba3f48a532f1649a7', '', '', '36.79.176.110', '192.168.74.49', '2016-11-01 10:06:51', 'BPRKS BATUNUNGGAL', 783),
(332, '2015BB1200000644', 'c2553d56e3b92fe1d4c8b23088ea3c24', '', '', '36.79.176.110', '192.168.74.49', '2016-11-01 10:06:51', 'BPRKS PADALARANG', 783),
(333, '2015BB1200000670', 'e3b0226f4bf9144823770d46ac786d4a', '', '', '36.79.176.110', '192.168.74.49', '2016-11-01 10:06:51', 'BPRKS PADALARANG', 783),
(334, '2015BB1200000712', '46f96fb35e770b8ef427fdbcd6a557b2', '', '', '36.79.176.110', '192.168.74.49', '2016-11-01 10:06:51', 'BPRKS PADALARANG', 783),
(335, '2015BB1200000476', '30405e1d1811f0602261b7bf79bbb15e', '', '', '36.79.176.110', '192.168.74.49', '2016-11-01 10:06:51', 'BPRKS CIMAHI', 783),
(336, '2015BB1200000609', 'ddf0a54b5e14a274c6c9893480fb39ab', '', '', '36.79.176.110', '192.168.74.49', '2016-11-01 10:06:58', 'BPRKS CIMAHI', 783),
(337, '2015BB1200000682', '308b931afcc7c1839ba7963951b8d479', '', '', '36.79.176.110', '192.168.74.49', '2016-11-01 10:07:05', 'BPRKS CIMAHI', 783),
(338, '2015BB1200000378', 'b0cbbce96d78fcf6e09d1dcc74767839', '', '', '36.79.176.110', '192.168.74.49', '2016-11-01 10:07:05', 'BPRKS RAMDHAN', 783),
(339, '2015BB1200000704', '7aba669b6c656aeb154152a68413a7c4', '', '', '36.79.176.110', '192.168.74.49', '2016-11-01 10:07:05', 'BPRKS RAMDHAN', 783),
(340, '2015BB1200000701', 'aac73c375bd6a79d8e515a4b08d076fc', '', '', '36.79.176.110', '192.168.74.49', '2016-11-01 10:07:05', 'BPRKS RAMDHAN', 783),
(341, '2015BB1200000474', 'c963b1bf5182221a902aa1835873ddc9', '', '', '36.79.176.110', '192.168.74.49', '2016-11-01 10:07:05', 'BPRKS SUDIRMAN 2', 783),
(342, '2015BB1200000608', '3fda949770df47e2344448127949f02c', '', '', '36.79.176.110', '192.168.74.49', '2016-11-01 10:07:05', 'BPRKS SUDIRMAN 2', 783),
(343, '2015BB1200000499', 'adcecefcf81c82c972f8635475dd18a4', '', '', '36.79.176.110', '192.168.74.49', '2016-11-01 10:07:06', 'BPRKS SUDIRMAN 2', 783),
(344, '2015BB1200000520', '597047d7fd0c35b4ef3f56443a0b9db3', '', '', '36.79.176.110', '192.168.74.49', '2016-11-01 10:07:06', 'BPRKS BOJONGSOANG', 783),
(345, '2015BB1200000388', '363f47f7af46730c95f7b0dcbac7f5c5', '', '', '36.79.176.110', '192.168.74.49', '2016-11-01 10:07:06', 'BPRKS BOJONGSOANG', 783),
(346, '2015BB1200000174', '4050742ad3d17147cc9aa40ef2abff65', '', '', '36.79.176.110', '192.168.74.49', '2016-11-01 10:07:06', 'BPRKS BOJONGSOANG', 783),
(347, '2015BB1200000656', '7d405f235e922218061ec2d77d35193d', '', '', '36.79.176.110', '192.168.74.49', '2016-11-01 10:07:06', 'BPRKS KOPO', 783),
(348, '2015BB1200000606', '9487f5a84ba7bdef829f251e9132a039', '', '', '36.79.176.110', '192.168.74.49', '2016-11-01 10:07:06', 'BPRKS BOJONGSOANG', 783),
(349, '2015BB1200000372', '2b92f69f59a6977a766e16f90813a04b', '', '', '36.79.176.110', '192.168.74.78', '2016-11-01 10:07:06', 'BPRKS BOJONGSOANG', 783),
(350, '2015BB12LN004810', 'ba9b6c5c6f92341b12d969164c63e540', NULL, NULL, '117.102.93.162', NULL, '2016-11-02 12:25:04', 'Polres Cimahi', 791),
(351, '2015BB12LN004811', '9d270d5d43856cb78668ea9e9cb26329', NULL, NULL, '117.102.93.162', NULL, '2016-11-02 12:36:27', 'Polres Cimahi', 791),
(352, '2015BB12LN004814', '60b5b405926b2bdd86efa26dab801829', NULL, NULL, '117.102.93.162', NULL, '2016-11-02 12:36:43', 'Polres Cimahi', 791),
(353, '2015BB12LN004816', '3db05e4908057d2422f4f3f1a4988f7d', NULL, NULL, '117.102.93.162', NULL, '2016-11-02 12:36:56', 'Polres Cimahi', 791),
(354, '2015BB12LN004835', 'e07588cc851d4ddc27199d5937123cce', NULL, NULL, '117.102.93.162', NULL, '2016-11-02 12:37:36', 'Polres Cimahi', 791),
(355, '2015BB12LN004839', 'ab7b9b5910674af68206fcfe0194a41f', NULL, NULL, '117.102.93.162', NULL, '2016-11-02 12:37:51', 'Polres Cimahi', 791),
(356, '2015BB12LN004841', 'ce68d015874a48d89bfd68e2140e325a', NULL, NULL, '117.102.93.162', NULL, '2016-11-02 12:38:16', 'Res Banyumas', 791),
(357, '2015BB12LN004849', 'f6e20b20e0712d93b2b5d72cd16bd642', NULL, NULL, '117.102.93.162', NULL, '2016-11-02 12:38:29', 'Res Banyumas', 791),
(358, '2015BB12LN004823', 'd6a7c364f1dd4362197c5a99959dc0aa', NULL, NULL, '117.102.93.162', NULL, '2016-11-02 12:38:54', 'Res Banyumas', 791),
(359, '2015BB12LN004824', 'cf6a8c9c30676ef00ce1724862232f45', NULL, NULL, '117.102.93.162', NULL, '2016-11-02 12:39:16', 'Res Banyumas', 791),
(360, '2015BB12LN004825', '3aa135db204a2f9ab3a7c8073606c7ac', NULL, NULL, '117.102.93.162', NULL, '2016-11-02 12:39:38', 'Res Cilacap', 791),
(362, '2015BB12LN004828', 'a2ffdb9cb53561448675733b817a20bf', NULL, NULL, '117.102.93.162', NULL, '2016-11-02 12:40:23', 'Res Cilacap', 791),
(363, '2015BB12LN004829', '1bc5da43f3190fd6650b8c58f931dd3a', NULL, NULL, '117.102.93.162', NULL, '2016-11-02 12:40:43', 'Res Cilacap', 791),
(364, '2015BB12LN004830', 'e3cc41fc77d4ee2c16a3a90a007e016d', NULL, NULL, '117.102.93.162', NULL, '2016-11-02 12:41:05', 'Res Purbalingga', 791),
(365, '2015BB12LN004850', '09696b402812f0690d4cde302fb99d30', NULL, NULL, '117.102.93.162', NULL, '2016-11-02 12:41:39', 'Res Purbalingga', 791),
(367, '2015BB12LN004859', 'eff7431e8e229e594dd08c2e935fcdef', NULL, NULL, '117.102.93.162', NULL, '2016-11-02 12:42:50', 'Res Banjarnegara', 791),
(368, '2015BB12LN004885', 'c97dee0932e11038e721add90698f54f', NULL, NULL, '117.102.93.162', NULL, '2016-11-02 12:43:08', 'Res Pekalongan Kota', 791),
(369, '2015BB12LN004870', '3357af8e4be1090324ac941c7be15719', NULL, NULL, '117.102.93.162', NULL, '2016-11-02 12:43:24', 'Res Pekalongan Kota', 791),
(370, '2015BB12LN004867', '2f4faa32931023d4d1723a12c3bbc1ac', NULL, NULL, '117.102.93.162', NULL, '2016-11-02 12:43:41', 'Res Pekalongan', 791),
(371, '2015BB12LN004865', 'a9576945a84303976c7d7d93d4ada1c0', NULL, NULL, '117.102.93.162', NULL, '2016-11-02 12:43:59', 'Res Pekalongan', 791),
(372, '2015BB12LN004862', '848d2f1493b41f18babae9df8812f2dd', NULL, NULL, '117.102.93.162', NULL, '2016-11-02 12:44:15', 'Res Batang', 791),
(373, '2015BB12LN004860', '2782c1a5e74183083cf3560bbba78722', NULL, NULL, '117.102.93.162', NULL, '2016-11-02 12:44:33', 'Res Batang', 791),
(374, '2015BB12LN004889', '0b11cdae41d9e38b69be4e48138b2be3', NULL, NULL, '117.102.93.162', NULL, '2016-11-02 12:44:56', 'Res Pemalang', 791),
(375, '2015BB12LN004891', '7e962a7dfef4afd8bff76e253d99ef7f', NULL, NULL, '117.102.93.162', NULL, '2016-11-02 12:45:13', 'Res Pemalang', 791),
(376, '2015BB12LN004892', 'b9ade79d4d2f2608872e24d38e54a034', NULL, NULL, '117.102.93.162', NULL, '2016-11-02 12:45:33', 'Res Tegal Kota', 791),
(377, '2015BB12LN004895', '2459e812808391ba2a6d3c44001b9f08', NULL, NULL, '117.102.93.162', NULL, '2016-11-02 12:45:52', 'Res Tegal Kota', 791),
(378, '2015BB12LN004896', 'f563088749fd6d0583fd98673af7bfb1', NULL, NULL, '117.102.93.162', NULL, '2016-11-02 12:46:12', 'Res Tegal Kota', 791),
(379, '2015BB12LN004898', '5df916519ea40bed4d54a1dc718db810', NULL, NULL, '117.102.93.162', NULL, '2016-11-02 12:46:32', 'Res Tegal Kota', 791),
(380, '2015BB12LN004899', 'ed1c4f3ac537ce039b77b28c136d7fbd', NULL, NULL, '117.102.93.162', NULL, '2016-11-02 12:46:58', 'Res Tegal', 791),
(381, '2015BB12LN004912', '1fd6c444edf48b70b0da493cb6765405', NULL, NULL, '117.102.93.162', NULL, '2016-11-02 12:47:19', 'Res Tegal', 791),
(382, '2015BB12LN004913', '554541a4d6e2a181672292dd2a2c9bdd', NULL, NULL, '117.102.93.162', NULL, '2016-11-02 12:47:36', 'Res Brebes', 791),
(383, '2015BB12LN004915', '962b657846cc474e1b9df654b6ace739', NULL, NULL, '117.102.93.162', NULL, '2016-11-02 12:47:55', 'Res Brebes', 791),
(384, '2015BB12LN004918', '54304cc9e311bdd2da35fb683a965056', NULL, NULL, '117.102.93.162', NULL, '2016-11-02 12:48:28', 'Res  Pati', 791),
(385, '2015BB12LN004923', '4dd288d9abef1c6bd99663af51622f0d', NULL, NULL, '117.102.93.162', NULL, '2016-11-02 12:48:48', 'Res  Pati', 791),
(386, '2015BB12LN004924', '987783f84e0bec57276968b60c463033', NULL, NULL, '117.102.93.162', NULL, '2016-11-02 12:49:06', 'Res  Pati', 791),
(387, '2015BB12LN004926', '54936a6264b2ecb360f6e125d955c0aa', NULL, NULL, '117.102.93.162', NULL, '2016-11-02 12:49:25', 'Res  Pati', 791),
(388, '2015BB12LN004928', 'ba5d2956308d1c536379e93ba575ccc9', NULL, NULL, '117.102.93.162', NULL, '2016-11-02 12:49:47', 'Res Kudus', 791),
(389, '2015BB12LN004933', '790dbfd99056e75151170a9aeea88a2a', NULL, NULL, '117.102.93.162', NULL, '2016-11-02 12:50:08', 'Res Kudus', 791),
(390, '2015BB12LN004934', '2bc9724a415d970c65c0e0ad14fbab4d', NULL, NULL, '117.102.93.162', NULL, '2016-11-02 12:50:27', 'Res Kudus', 791),
(391, '2015BB12LN004900', '57e4484a4535acaf8d19cd3b07179591', NULL, NULL, '117.102.93.162', NULL, '2016-11-02 12:50:51', 'Res Kudus', 791),
(392, '2015BB12LN004902', '0ac520ae275ec6839c6b3b00b7937fe4', NULL, NULL, '117.102.93.162', NULL, '2016-11-02 12:51:17', 'Res Jepara', 791),
(393, '2015BB12LN004904', 'c55482d4463a40ff29377440d6e66509', NULL, NULL, '117.102.93.162', NULL, '2016-11-02 12:51:36', 'Res Jepara', 791),
(394, '2015BB12LN004905', 'a5398b965b7db8e24fab6107a4eced78', NULL, NULL, '117.102.93.162', NULL, '2016-11-02 12:51:54', 'Res Rembang', 791),
(395, '2015BB12LN004906', 'd146f73a0315860dd374dfb15da06463', NULL, NULL, '117.102.93.162', NULL, '2016-11-02 12:52:12', 'Res Rembang', 791),
(396, '2015BB12LN004907', '9949bcf1a7a76906d31ea74a6eddd437', NULL, NULL, '117.102.93.162', NULL, '2016-11-02 12:52:33', 'Res Blora', 791),
(397, '2015BB12LN004909', 'a1e2bc8867c3f20637c7ca8381b8ed62', NULL, NULL, '117.102.93.162', NULL, '2016-11-02 12:52:50', 'Res Blora', 791),
(398, '2015BB12LN004910', '313ef1b9034bfcf24077f6c52aebbfaf', NULL, NULL, '117.102.93.162', NULL, '2016-11-02 12:53:06', 'Res Grobogan', 791),
(399, '2015BB12LN004919', '1c411085da81f550ef09fb814e74da2c', NULL, NULL, '117.102.93.162', NULL, '2016-11-02 12:53:26', 'Res Grobogan', 791),
(400, '2015BB12LN004925', '754bdae79057c795c26ec3d356d1b12d', NULL, NULL, '117.102.93.162', NULL, '2016-11-02 13:05:10', 'Res Sukoharjo', 791),
(401, '2015BB12LN004920', '2dd40f97e180c69e5f09411d548327f1', NULL, NULL, '117.102.93.162', NULL, '2016-11-02 13:05:28', 'Res Sukoharjo', 791),
(402, '2015BB12LN004940', '1f28e38aa5631e82304a789c513c34e7', NULL, NULL, '117.102.93.162', NULL, '2016-11-02 13:05:46', 'Res Sukoharjo', 791),
(403, '2015BB12LN004941', '7c4628ddbd8a08f9943d0443a9a67237', NULL, NULL, '117.102.93.162', NULL, '2016-11-02 13:06:03', 'Res Sukoharjo', 791),
(404, '2015BB12LN004942', '5f6a7f7b6be60d9bd8aaeaf18089280d', NULL, NULL, '117.102.93.162', NULL, '2016-11-02 13:06:24', 'Res Klaten', 791),
(405, '2015BB12LN004944', '1664c7140a187cccdff32d8c5ed576c2', NULL, NULL, '117.102.93.162', NULL, '2016-11-02 13:08:11', 'Res Klaten', 791),
(406, '2015BB12LN004945', 'cd1869c845aa54f4ff868874e4b659df', NULL, NULL, '117.102.93.162', NULL, '2016-11-02 13:08:27', 'Res Klaten', 791),
(407, '2015BB12LN004949', 'b4b507becb439ea9401531614af69148', NULL, NULL, '117.102.93.162', NULL, '2016-11-02 13:08:48', 'Res Klaten', 791),
(408, '2015BB12LN004950', '8746cc0df6a5f72db990d3cb31039363', NULL, NULL, '117.102.93.162', NULL, '2016-11-02 13:09:10', 'Res Boyolali', 791),
(409, '2016BB12LN004952', '5ef0f72304b497f92d1575bdaa7ddb24', NULL, NULL, '117.102.93.162', NULL, '2016-11-02 13:09:28', 'Res Boyolali', 791),
(410, '2016BB12LN004961', 'ed89d02d8ae851e916999908086a673e', NULL, NULL, '117.102.93.162', NULL, '2016-11-02 13:09:47', 'Res Boyolali', 791),
(411, '2016BB12LN004966', 'ade79f27d722630244d2b1d83ef94255', NULL, NULL, '117.102.93.162', NULL, '2016-11-02 13:10:05', 'Res Boyolali', 791),
(412, '2016BB12LN004972', '222e7b57bc60eaec008a4bb677ef3b24', NULL, NULL, '117.102.93.162', NULL, '2016-11-02 13:10:24', 'Res Sragen', 791),
(413, '2016BB12LN004973', 'e30f210729dec5cb239b72ead71a61e7', NULL, NULL, '117.102.93.162', NULL, '2016-11-02 13:10:45', 'Res Sragen', 791),
(414, '2016BB12LN004974', '2a2106cbcce1542a4f89a9f0ab2190ee', NULL, NULL, '117.102.93.162', NULL, '2016-11-02 13:11:08', 'Res Sragen', 791),
(415, '2016BB12LN004979', 'fc5033c671750cf980bf4d0d075126a6', NULL, NULL, '117.102.93.162', NULL, '2016-11-02 13:11:27', 'Res Sragen', 791),
(418, '2016BB12LN004986', '2e84ea91f13040f7a48f29dfe4630387', NULL, NULL, '117.102.93.162', NULL, '2016-11-02 13:12:25', 'Res Surakarta', 791),
(419, '2016BB12LN004987', '34b325b70c6159247140812467ad72bf', NULL, NULL, '117.102.93.162', NULL, '2016-11-02 13:12:44', 'Res Surakarta', 791),
(420, '2016BB12LN004988', 'a72f52808bd4c936a173e4e6e7579227', NULL, NULL, '117.102.93.162', NULL, '2016-11-02 13:13:10', 'Res Surakarta', 791),
(421, '2016BB12LN004989', '4e1def64f53c0376cc72b660b0f2c03c', NULL, NULL, '117.102.93.162', NULL, '2016-11-02 13:13:29', 'Res Surakarta', 791),
(422, '2016BB12LN004994', '1270330f81ae36888fbc1ad6474c562e', NULL, NULL, '117.102.93.162', NULL, '2016-11-02 13:13:48', 'Res Karanganyar', 791),
(423, '2016BB12LN004995', 'f1578d6321de04a3253bcfef847e6937', NULL, NULL, '117.102.93.162', NULL, '2016-11-02 13:14:08', 'Res Karanganyar', 791),
(424, '2016BB12LN004996', 'c52e1d2fb39a05cea62f04c70008b781', NULL, NULL, '117.102.93.162', NULL, '2016-11-02 13:14:25', 'Res Karanganyar', 791),
(425, '2016BB12LN004969', '49bf393bb068e48e6b582f6a27bb4817', NULL, NULL, '117.102.93.162', NULL, '2016-11-02 13:14:43', 'Res Karanganyar', 791),
(426, '2016BB12LN005000', '08a10743c390cf0e75ad09f18dae1f73', NULL, NULL, '117.102.93.162', NULL, '2016-11-02 13:15:00', 'Res Wonogiri', 791),
(427, '2016BB12LN005001', 'dfe09fe4bad5ad9cc86b2328c6cdf06d', NULL, NULL, '117.102.93.162', NULL, '2016-11-02 13:15:16', 'Res Wonogiri', 791),
(428, '2016BB12LN005002', '823e6c61223326dec077fa868c9c3d44', NULL, NULL, '117.102.93.162', NULL, '2016-11-02 13:15:42', 'Res Magelang Kota', 791),
(429, '2016BB12LN005003', '1f0d941f9583b153820697abad37e9a6', NULL, NULL, '117.102.93.162', NULL, '2016-11-02 13:16:00', 'Res Magelang Kota', 791),
(430, '2016BB12LN005004', '5da356648406694e26eb4910995f0d09', NULL, NULL, '117.102.93.162', NULL, '2016-11-02 13:17:15', 'Res  Magelang', 791),
(431, '2016BB12LN005007', 'ebc63d36ac050fb407387535f16d32b5', NULL, NULL, '117.102.93.162', NULL, '2016-11-02 13:17:32', 'Res  Magelang', 791),
(432, '2016BB12LN005008', 'e5a6669efd16acf35ac0ee123755e501', NULL, NULL, '117.102.93.162', NULL, '2016-11-02 13:17:52', 'Res  Magelang', 791),
(433, '2016BB12LN005010', 'ff858f533347965d20c1f1b05bd9ccee', NULL, NULL, '117.102.93.162', NULL, '2016-11-02 13:18:25', 'Res  Magelang', 791),
(434, '2016BB12LN005011', 'fef25056471fb48873a8b8282bd0c2df', NULL, NULL, '117.102.93.162', NULL, '2016-11-02 13:18:45', 'Res Purworejo', 791),
(435, '2016BB12LN005017', 'be95795a1c84ac9657d72f9c540105af', NULL, NULL, '117.102.93.162', NULL, '2016-11-02 13:19:03', 'Res Purworejo', 791),
(436, '2016BB12LN005018', 'f82ca76fb3e1b9f26e7c745358089919', NULL, NULL, '117.102.93.162', NULL, '2016-11-02 13:19:25', 'Res  Kebumen', 791),
(437, '2016BB12LN005021', '6a577b22c55573fafcea4edb47b96911', NULL, NULL, '117.102.93.162', NULL, '2016-11-02 13:19:44', 'Res  Kebumen', 791),
(438, '2016BB12LN005023', 'd5b4abc98431ee5b7828c7d629821215', NULL, NULL, '117.102.93.162', NULL, '2016-11-02 13:20:05', 'Res Temanggung', 791),
(439, '2016BB12LN005029', '63e23a7230899876eca50cf42939ed15', NULL, NULL, '117.102.93.162', NULL, '2016-11-02 13:20:24', 'Res Temanggung', 791),
(440, '2016BB12LN005030', '39409081d42dc19437d24ace1d7c224a', NULL, NULL, '117.102.93.162', NULL, '2016-11-02 13:20:43', 'Res Wonosobo', 791),
(442, '2016BB12LN005031', 'b32407abef2f01ae3f9aa547213af617', NULL, NULL, '117.102.93.162', NULL, '2016-11-02 13:21:59', 'Res Wonosobo', 791),
(443, '2016BB12LN005032', '437035ea9dbd52db8417826d858bd611', NULL, NULL, '117.102.93.162', NULL, '2016-11-02 13:22:17', 'Res Semarang', 791),
(444, '2016BB12LN005033', '9af9b8b46cf81ff30cfaa44d75a8914d', NULL, NULL, '117.102.93.162', NULL, '2016-11-02 13:22:35', 'Res Semarang', 791),
(445, '2016BB12LN005035', '2ce7daa1152db866ee8e38ecfb35f5de', NULL, NULL, '117.102.93.162', NULL, '2016-11-02 13:22:52', 'Res  Salatiga', 791),
(446, '2016BB12LN005036', 'e712bf22be4cc5b01f16f039167bf59c', NULL, NULL, '117.102.93.162', NULL, '2016-11-02 13:23:09', 'Res  Salatiga', 791),
(447, '2016BB12LN005038', '0dc30e44e800fca8599364f2161e4f55', NULL, NULL, '117.102.93.162', NULL, '2016-11-02 13:23:28', 'Res  Kendal', 791),
(448, '2015BB12LN004822', '8ff8a6c0f3f5c9599c4895d7c9a81981', NULL, NULL, '117.102.93.162', NULL, '2016-11-02 13:23:45', 'Res  Kendal', 791),
(449, '2016BB12LN005040', 'a6465c956120321623893a588841072e', NULL, NULL, '117.102.93.162', NULL, '2016-11-02 13:24:03', 'Res  Demak', 791),
(450, '2016BB12LN005041', '461667e465a88a03d71f572288900af2', NULL, NULL, '117.102.93.162', NULL, '2016-11-02 13:24:20', 'Res  Demak', 791),
(451, '2016BB12LN005042', '443138ad1a23a7b82211c987701c6b14', NULL, NULL, '117.102.93.162', NULL, '2016-11-02 13:25:13', 'Res Sidoarjo', 791),
(452, '2016BB12LN005043', '17e6ac8577ac307b4bafac316eec3bcb', NULL, NULL, '117.102.93.162', NULL, '2016-11-02 13:25:23', 'Res Sidoarjo', 791),
(453, '2016BB12LN005044', 'b75af3baca9c23d18c1575ff1d273282', NULL, NULL, '117.102.93.162', NULL, '2016-11-02 13:25:35', 'Res Sidoarjo', 791),
(454, '2016BB12LN005047', 'ac6a8497f3649dd1883aa95f6433148c', NULL, NULL, '117.102.93.162', NULL, '2016-11-02 13:25:44', 'Res Sidoarjo', 791),
(455, '2016BB12LN005048', '6bbfe22a48a69d4d3de0181edab2c4f3', NULL, NULL, '117.102.93.162', NULL, '2016-11-02 13:25:55', 'Res Sidoarjo', 791),
(456, '2016BB12LN005049', '877f9f27ebdc8ee4a9191b54fee87f29', NULL, NULL, '117.102.93.162', NULL, '2016-11-02 13:26:05', 'Res Sidoarjo', 791),
(457, '2016BB12LN005050', '4eb0e66e5c26a5f7370f1eb0aebcf7eb', NULL, NULL, '117.102.93.162', NULL, '2016-11-02 13:26:16', 'Res Gresik', 791),
(458, '2016BB12LN005051', '92552673f12b97ee10b20b17da2e2cb6', NULL, NULL, '117.102.93.162', NULL, '2016-11-02 13:26:27', 'Res Gresik', 791),
(459, '2016BB12LN005053', '85a2a9fa39ba8c677fee1940516b52b8', NULL, NULL, '117.102.93.162', NULL, '2016-11-02 13:26:38', 'Res Gresik', 791),
(460, '2016BB12LN005054', '76c98075acb9808fb83b226132569f1a', NULL, NULL, '117.102.93.162', NULL, '2016-11-02 13:26:52', 'Res Gresik', 791),
(461, '2016BB12LN005055', 'c06019aa223e0498d4cb688cb4a8919d', NULL, NULL, '117.102.93.162', NULL, '2016-11-02 13:28:09', 'Resta Mojokerto', 791),
(462, '2016BB12LN005056', 'c7933f24ab97d846814e66891049165b', NULL, NULL, '117.102.93.162', NULL, '2016-11-02 13:28:18', 'Resta Mojokerto', 791),
(463, '2016BB12LN005452', '7c7772816824d4e95aa1c8e1857ca365', NULL, NULL, '117.102.93.162', NULL, '2016-11-02 13:28:28', 'Res Mojokerto', 791),
(464, '2016BB12LN005453', '7a3e2723da5eed467be296f4b4bc71c0', NULL, NULL, '117.102.93.162', NULL, '2016-11-02 13:28:38', 'Res Mojokerto', 791),
(465, '2016BB12LN005454', '8c5f1f4efbd65cfaf3651618f98b4627', NULL, NULL, '117.102.93.162', NULL, '2016-11-02 13:28:47', 'Res Mojokerto', 791),
(466, '2016BB12LN005455', 'b873fea8f959b1aaf09b4e83846a0f91', NULL, NULL, '117.102.93.162', NULL, '2016-11-02 13:29:04', 'Res Mojokerto', 791),
(467, '2016BB12LN005456', '4ced364d77d498622e60445e4fcc641e', NULL, NULL, '117.102.93.162', NULL, '2016-11-02 13:29:15', 'Resta Malang', 791),
(468, '2016BB12LN005457', '4b2383f9d348541f782303e75205a650', NULL, NULL, '117.102.93.162', NULL, '2016-11-02 13:29:31', 'Resta Malang', 791),
(469, '2016BB12LN005458', 'a32c272dbb13b14b8ce614ba44ff38a8', NULL, NULL, '117.102.93.162', NULL, '2016-11-02 13:29:39', 'Resta Malang', 791),
(470, '2016BB12LN005459', 'd02646ea14b745cf426026894be5f8f1', NULL, NULL, '117.102.93.162', NULL, '2016-11-02 13:29:56', 'Resta Malang', 791),
(471, '2016BB12LN005461', '077487e85a86e0f821666d24e1fd8c6d', NULL, NULL, '117.102.93.162', NULL, '2016-11-02 13:30:07', 'Resta Malang', 791),
(472, '2016BB12LN005462', '70e94e6cc6692cad81f15e1bca31bfed', NULL, NULL, '117.102.93.162', NULL, '2016-11-02 13:30:18', 'Resta Malang', 791),
(473, '2016BB12LN005463', '2ba5e1b64a4add30e6741f4763ba5a91', NULL, NULL, '117.102.93.162', NULL, '2016-11-02 13:30:33', 'Res Malang', 791),
(474, '2016BB12LN005464', '2f12bc247d92fd7e0f81189a8d7c0019', NULL, NULL, '117.102.93.162', NULL, '2016-11-02 13:30:57', 'Res Malang', 791),
(475, '2016BB12LN005465', '39bcdf08640e1197a64cda5d397217e0', NULL, NULL, '117.102.93.162', NULL, '2016-11-02 13:31:09', 'Res Malang', 791),
(476, '2016BB12LN005466', '32922e6f25539ad1eff7f4daca45bcdb', NULL, NULL, '117.102.93.162', NULL, '2016-11-02 13:31:20', 'Res Malang', 791),
(477, '2016BB12LN005467', '1c28e7c5a621d773bc159ba6c2b8737c', NULL, NULL, '117.102.93.162', NULL, '2016-11-02 13:31:36', 'Res Malang', 791),
(478, '2016BB12LN005468', '21e3e3d2dd864a142a848fac00e99710', NULL, NULL, '117.102.93.162', NULL, '2016-11-02 13:31:43', 'Res Malang', 791),
(479, '2016BB12LN005469', 'b4abf163a7260e24bce98470e9b2d30d', NULL, NULL, '117.102.93.162', NULL, '2016-11-02 13:31:53', 'Res Batu', 791),
(480, '2016BB12LN005471', 'f156282c71603ae128db089af21bff96', NULL, NULL, '117.102.93.162', NULL, '2016-11-02 13:32:03', 'Res Batu', 791),
(481, '2016BB12LN005472', 'c35c5ff0e958d5633e360692f5b63fcc', NULL, NULL, '117.102.93.162', NULL, '2016-11-02 13:34:15', 'Resta Probolinggo', 791),
(482, '2016BB12LN005473', '7d754c501fcc142e4e344ffced9a3479', NULL, NULL, '117.102.93.162', NULL, '2016-11-02 13:34:31', 'Resta Probolinggo', 791),
(483, '2016BB12LN005474', 'd1d1e1e80039230964d83738f2027d23', NULL, NULL, '117.102.93.162', NULL, '2016-11-02 13:34:43', 'Res Probolinggo', 791),
(484, '2016BB12LN005475', '3a1d72dc54a06decede7b8d27060f46c', NULL, NULL, '117.102.93.162', NULL, '2016-11-02 13:34:57', 'Res Probolinggo', 791),
(485, '2016BB12LN005476', '1633433fc99b30bae2213e462c557f03', NULL, NULL, '117.102.93.162', NULL, '2016-11-02 13:35:07', 'Res Probolinggo', 791),
(486, '2016BB12LN005478', '1b5090225d1b2c6d64b8ffed8437fc33', NULL, NULL, '117.102.93.162', NULL, '2016-11-02 13:35:20', 'Res Probolinggo', 791),
(487, '2016BB12LN005479', '39bf2f6fdc0c721caa79ecfe26905b7f', NULL, NULL, '117.102.93.162', NULL, '2016-11-02 13:35:30', 'Resta Pasuruan', 791),
(488, '2016BB12LN005480', 'b4cc180c8c592410489a08227627eb49', NULL, NULL, '117.102.93.162', NULL, '2016-11-02 13:35:45', 'Resta Pasuruan', 791),
(489, '2016BB12LN005481', 'f64eb2743e6078eef41c3b3b4ed2c8aa', NULL, NULL, '117.102.93.162', NULL, '2016-11-02 13:35:57', 'Res Pasuruan', 791),
(490, '2016BB12LN005483', '4fd2ff9179eb302a96222b14d0efe8c1', NULL, NULL, '117.102.93.162', NULL, '2016-11-02 13:36:12', 'Res Pasuruan', 791),
(491, '2016BB12LN004955', '513e92bd0b1fd587d40f959072a73bac', NULL, NULL, '117.102.93.162', NULL, '2016-11-02 13:36:23', 'Res Pasuruan', 791),
(492, '2016BB12LN005484', 'cd51cc2f9cf76ca426686312d92648f3', NULL, NULL, '117.102.93.162', NULL, '2016-11-02 13:36:34', 'Res Pasuruan', 791),
(493, '2016BB12LN005485', '23908be6f2ae4d793d1b2b85678e0d71', NULL, NULL, '117.102.93.162', NULL, '2016-11-02 13:36:43', 'Res Bondowoso', 791),
(494, '2016BB12LN005486', 'd005629ab476dd45a8cbedcc6cc72fb0', NULL, NULL, '117.102.93.162', NULL, '2016-11-02 13:36:54', 'Res Bondowoso', 791),
(495, '2016BB12LN005487', '17986ff2d796039d6023e2c5e09b6204', NULL, NULL, '117.102.93.162', NULL, '2016-11-02 13:37:22', 'Res Situbondo', 791),
(496, '2016BB12LN005488', '61565421232e2835242c19f47dca84d1', NULL, NULL, '117.102.93.162', NULL, '2016-11-02 13:37:32', 'Res Situbondo', 791),
(497, '2016BB12LN005489', 'f538d0aa7bd761065a240b8f6c852515', NULL, NULL, '117.102.93.162', NULL, '2016-11-02 13:37:43', 'Res Jember', 791),
(498, '2016BB12LN005490', 'f9015d393444a44ab4edaecd58c8f7e4', NULL, NULL, '117.102.93.162', NULL, '2016-11-02 13:37:55', 'Res Jember', 791),
(499, '2016BB12LN005491', '2db0e5ab709c53629ab0031f06fda6fa', NULL, NULL, '117.102.93.162', NULL, '2016-11-02 13:38:04', 'Res Jember', 791),
(500, '2016BB12LN005492', 'c308c1a3522675896b4591d97707943b', NULL, NULL, '117.102.93.162', NULL, '2016-11-02 13:38:15', 'Res Jember', 791),
(501, '2016BB12LN005493', 'd7ee3c2727c15a384ad57c1f8a93ffce', NULL, NULL, '117.102.93.162', NULL, '2016-11-02 13:40:43', 'Res Jember', 791),
(502, '2016BB12LN005497', '6ec86013ab8740c8895ef0c425bbf31a', NULL, NULL, '117.102.93.162', NULL, '2016-11-02 13:40:57', 'Res Jember', 791),
(503, '2016BB12LN005498', '7a20d6cd89e5323ee582d504a22efe6f', NULL, NULL, '117.102.93.162', NULL, '2016-11-02 13:41:06', 'Res Banyuwangi', 791),
(504, '2016BB12LN005499', '11a0ce3db1b659167573a0e3debc1228', NULL, NULL, '117.102.93.162', NULL, '2016-11-02 13:41:15', 'Res Banyuwangi', 791),
(505, '2016BB12LN005500', 'b31e89e711ff490ac214f0ebc1205771', NULL, NULL, '117.102.93.162', NULL, '2016-11-02 13:41:24', 'Res Banyuwangi', 791),
(506, '2016BB12LN005502', '897080fea8d7529bb0b38321a66fecf2', NULL, NULL, '117.102.93.162', NULL, '2016-11-02 13:41:35', 'Res Banyuwangi', 791),
(507, '2016BB12LN005503', 'f1444655a4154d74e5bb6e605a146857', NULL, NULL, '117.102.93.162', NULL, '2016-11-02 13:41:45', 'Res Lumajang', 791),
(508, '2016BB12LN005504', 'c216eb7f09c41e358230e450e3e6e066', NULL, NULL, '117.102.93.162', NULL, '2016-11-02 13:41:57', 'Res Lumajang', 791),
(509, '2016BB12LN005505', 'db3ce152c2e9090a6d51d30e32af6f78', NULL, NULL, '117.102.93.162', NULL, '2016-11-02 13:42:12', 'Res Lumajang', 791),
(510, '2016BB12LN005506', '70e395369f4659838b085cfe9dadb77c', NULL, NULL, '117.102.93.162', NULL, '2016-11-02 13:42:21', 'Res Lumajang', 791),
(511, '2016BB12LN005507', '7d66fd201df99aa01e1cdb67297f1077', NULL, NULL, '117.102.93.162', NULL, '2016-11-02 13:42:31', 'Resta Kediri', 791),
(512, '2016BB12LN005508', '3ae92445a0d8e325dd800f6fe2dd03c2', NULL, NULL, '117.102.93.162', NULL, '2016-11-02 13:42:39', 'Resta Kediri', 791),
(513, '2016BB12LN005509', '5f2b12146707062e0bd78342d83d14cd', NULL, NULL, '117.102.93.162', NULL, '2016-11-02 13:42:48', 'Resta Kediri', 791),
(514, '2016BB12LN005510', 'a406bef55460c346b5feb428f1382302', NULL, NULL, '117.102.93.162', NULL, '2016-11-02 13:42:57', 'Resta Kediri', 791),
(515, '2016BB12LN005511', '90e83ec2cd28284aa07594180e8fe4d4', NULL, NULL, '117.102.93.162', NULL, '2016-11-02 13:43:07', 'Res Kediri/Pare', 791),
(516, '2016BB12LN005512', '886c6eb49a543e379d118e1a41a07834', NULL, NULL, '117.102.93.162', NULL, '2016-11-02 13:43:19', 'Res Kediri/Pare', 791),
(517, '2016BB12LN005513', 'f378d7ad197ab3ef2e81f8c8ea49d854', NULL, NULL, '117.102.93.162', NULL, '2016-11-02 13:43:27', 'Res Kediri/Pare', 791),
(518, '2016BB12LN005515', 'ad26b3d146494e194a68c1f549008b09', NULL, NULL, '117.102.93.162', NULL, '2016-11-02 13:43:35', 'Res Kediri/Pare', 791),
(519, '2016BB12LN005517', 'c685bb08672c126ff254c87ca9f8f42f', NULL, NULL, '117.102.93.162', NULL, '2016-11-02 13:43:44', 'Res Kediri/Pare', 791),
(520, '2016BB12LN005518', '44b9e76fb7df577b2e043a8fb5caa90c', NULL, NULL, '117.102.93.162', NULL, '2016-11-02 13:43:57', 'Res Kediri/Pare', 791),
(521, '2016BB12LN005519', 'f23af807fd6c3115332dc020711dcc79', NULL, NULL, '117.102.93.162', NULL, '2016-11-02 13:44:23', 'Resta Blitar', 791),
(522, '2016BB12LN005520', 'ec4c708218a82b65354ba72a4e5069da', NULL, NULL, '117.102.93.162', NULL, '2016-11-02 13:44:32', 'Resta Blitar', 791),
(523, '2016BB12LN005521', '5caff0e2892b88384d7b266487f35acb', NULL, NULL, '117.102.93.162', NULL, '2016-11-02 13:44:41', 'Res Blitar', 791),
(524, '2016BB12LN005522', '618954d2dc6424901d28b0474b1d4744', NULL, NULL, '117.102.93.162', NULL, '2016-11-02 13:44:52', 'Res Blitar', 791),
(525, '2016BB12LN005523', '65eb6d66f062e8875af33c117f2a48a6', NULL, NULL, '117.102.93.162', NULL, '2016-11-02 13:45:08', 'Res Blitar', 791),
(526, '2016BB12LN005524', '64a117b02f19f08d5f72d5ae26c88eec', NULL, NULL, '117.102.93.162', NULL, '2016-11-02 13:45:19', 'Res Blitar', 791),
(527, '2016BB12LN005525', '3fde06d968bb043a34dcf5f30cfe6c34', NULL, NULL, '117.102.93.162', NULL, '2016-11-02 13:45:36', 'Res Tulungagung', 791),
(528, '2016BB12LN005526', 'ba66623a24aae09ce0338aa0dec640cb', NULL, NULL, '117.102.93.162', NULL, '2016-11-02 13:45:45', 'Res Tulungagung', 791),
(529, '2016BB12LN005527', '8c348b22de2e333ff0d4b84b42b4abde', NULL, NULL, '117.102.93.162', NULL, '2016-11-02 13:45:54', 'Res Tulungagung', 791),
(530, '2016BB12LN005529', '0ab1a513c0b5bd6fa2f824bde7c38a38', NULL, NULL, '117.102.93.162', NULL, '2016-11-02 13:46:02', 'Res Tulungagung', 791),
(531, '2016BB12LN005533', '0b70615b8b455c6a93b543a875f3feb6', NULL, NULL, '117.102.93.162', NULL, '2016-11-02 13:49:34', 'Res Tulungagung', 791),
(532, '2016BB12LN005534', '3caf1196fc9923183f26691a8986ed49', NULL, NULL, '117.102.93.162', NULL, '2016-11-02 13:49:43', 'Res Tulungagung', 791),
(533, '2016BB12LN005535', 'fe2d7808ea84b6ce45c0c464a1888b30', NULL, NULL, '117.102.93.162', NULL, '2016-11-02 13:49:51', 'Res Nganjuk', 791),
(534, '2016BB12LN005536', '590e69de463187faf97eb91c57be7552', NULL, NULL, '117.102.93.162', NULL, '2016-11-02 13:50:01', 'Res Nganjuk', 791),
(535, '2016BB12LN005538', 'ee9c4b4b7488fbe33cd917291f020d0f', NULL, NULL, '117.102.93.162', NULL, '2016-11-02 13:50:14', 'Res Nganjuk', 791),
(536, '2016BB12LN005539', '2fa7c619df44880aca57be5fe7f50e43', NULL, NULL, '117.102.93.162', NULL, '2016-11-02 13:50:23', 'Res Nganjuk', 791),
(537, '2016BB12LN005540', 'd03ee5f12861f03011646923da84dfd7', NULL, NULL, '117.102.93.162', NULL, '2016-11-02 13:50:39', 'Res Trenggalek', 791),
(538, '2016BB12LN005541', 'e024a2e8784822cfedb60bf94273a858', NULL, NULL, '117.102.93.162', NULL, '2016-11-02 13:50:48', 'Res Trenggalek', 791),
(539, '2016BB12LN005542', '8db0cfef8c41677bde3ae6645a81c6b5', NULL, NULL, '117.102.93.162', NULL, '2016-11-02 13:50:56', 'Res Trenggalek', 791),
(540, '2016BB12LN005543', '06cae7ab703b1efbcf1eeaaa457a8fae', NULL, NULL, '117.102.93.162', NULL, '2016-11-02 13:51:05', 'Res Trenggalek', 791),
(541, '2016BB12LN005544', 'dc543f5e377ad98fc6f97c2bfd91dd99', NULL, NULL, '117.102.93.162', NULL, '2016-11-02 13:51:38', 'Res Jombang', 791),
(542, '2016BB12LN005545', '0fd636117089f14a1a6af39307381512', NULL, NULL, '117.102.93.162', NULL, '2016-11-02 13:51:48', 'Res Jombang', 791),
(543, '2016BB12LN005546', 'cf2b4e04115cb234eaf34fdc08acad99', NULL, NULL, '117.102.93.162', NULL, '2016-11-02 13:51:56', 'Res Jombang', 791),
(544, '2016BB12LN005547', '7dfe5eb3b3b63579260abee36c93fbd2', NULL, NULL, '117.102.93.162', NULL, '2016-11-02 13:52:05', 'Res Jombang', 791),
(545, '2016BB12LN005548', '27a52cd19b1f3175d4b463140e565747', NULL, NULL, '117.102.93.162', NULL, '2016-11-02 13:52:32', 'Resta Madiun', 791),
(546, '2016BB12LN005549', '0191df25cd07003f48f79f6ac1c67be5', NULL, NULL, '117.102.93.162', NULL, '2016-11-02 13:52:41', 'Resta Madiun', 791),
(547, '2016BB12LN005603', '80cec232688628f1c2c75825ef777613', NULL, NULL, '117.102.93.162', NULL, '2016-11-02 13:52:50', 'Res Madiun', 791),
(548, '2016BB12LN005604', '8a6d5ee32fd2d2585ebade74783f4370', NULL, NULL, '117.102.93.162', NULL, '2016-11-02 13:53:03', 'Res Madiun', 791),
(549, '2016BB12LN005605', 'c0f37cc85c86904b3ae2ff44ac57ac71', NULL, NULL, '117.102.93.162', NULL, '2016-11-02 13:53:12', 'Res Madiun', 791),
(550, '2016BB12LN005606', '5ec92121c3d0bb3c6b661a4da2c9b4bc', NULL, NULL, '117.102.93.162', NULL, '2016-11-02 13:53:22', 'Res Madiun', 791),
(551, '2016BB12LN005607', 'bc101252739b4f006f385bc82fc4540a', NULL, NULL, '117.102.93.162', NULL, '2016-11-02 13:53:32', 'Res Ngawi', 791),
(553, '2016BB12LN005609', '6b8fee0a39c1359eb4820b13db07bb5d', NULL, NULL, '117.102.93.162', NULL, '2016-11-02 13:53:58', 'Res Ngawi', 791),
(554, '2016BB12LN005610', '317d280e2949c0bd88d3435484aa13b8', NULL, NULL, '117.102.93.162', NULL, '2016-11-02 13:54:08', 'Res Ngawi', 791),
(555, '2016BB12LN005613', '6de16ea2e0a60dbecd34d9cd5d6e29c0', NULL, NULL, '117.102.93.162', NULL, '2016-11-02 13:54:18', 'Magetan', 791),
(556, '2016BB12LN005615', '2cf55b51962828e0d1868cf6b67fdb13', NULL, NULL, '117.102.93.162', NULL, '2016-11-02 13:54:49', 'Magetan', 791),
(557, '2016BB12LN005616', '2e5162d5ad392855d45ff0d415c38e7c', NULL, NULL, '117.102.93.162', NULL, '2016-11-02 13:55:00', 'Res Ponorogo', 791),
(558, '2015BB12LN004821', 'c43206ccd4cc6b8cc78d8283138d01cd', NULL, NULL, '117.102.93.162', NULL, '2016-11-02 13:55:09', 'Res Ponorogo', 791),
(559, '2016BB12LN005620', 'b4ebd4eba1c015c15ea20be68e18e99c', NULL, NULL, '117.102.93.162', NULL, '2016-11-02 13:55:18', 'Res Ponorogo', 791),
(560, '2016BB12LN005621', '4cab6efb00a0531f8711b9ed8e8c25e0', NULL, NULL, '117.102.93.162', NULL, '2016-11-02 13:55:29', 'Res Ponorogo', 791),
(561, '2016BB12LN005622', 'f62c3437af5f4083298d918307c635de', NULL, NULL, '117.102.93.162', NULL, '2016-11-02 13:56:04', 'Res Pacitan', 791),
(562, '2016BB12LN005623', '5938aa83564b2eb80fff6e18e72d0cfd', NULL, NULL, '117.102.93.162', NULL, '2016-11-02 13:56:19', 'Res Pacitan', 791),
(563, '2016BB12LN005624', '5604eb30bae78e373ba96dbae49b12b4', NULL, NULL, '117.102.93.162', NULL, '2016-11-02 13:56:26', 'Res Bojonegoro', 791),
(564, '2016BB12LN005625', '4932d0e6f63cb02d7212b1984f63bc6f', NULL, NULL, '117.102.93.162', NULL, '2016-11-02 13:56:35', 'Res Bojonegoro', 791),
(565, '2016BB12LN005627', 'cf7b09e9439176484403e54efd05fe15', NULL, NULL, '117.102.93.162', NULL, '2016-11-02 13:56:43', 'Res Bojonegoro', 791),
(566, '2016BB12LN005628', 'd9e7232a976a71fdb8a9e104023c648f', NULL, NULL, '117.102.93.162', NULL, '2016-11-02 13:56:52', 'Res Bojonegoro', 791),
(567, '2016BB12LN005629', '35d024bc1952a24439cfd64158b8a4c3', NULL, NULL, '117.102.93.162', NULL, '2016-11-02 13:57:03', 'Res Tuban', 791),
(568, '2016BB12LN005630', 'ef1be87819b3b7f980041f02f780d70e', NULL, NULL, '117.102.93.162', NULL, '2016-11-02 13:57:12', 'Res Tuban', 791),
(569, '2016BB12LN005631', '6c781f524ac6acde4232f063f77e8b62', NULL, NULL, '117.102.93.162', NULL, '2016-11-02 13:57:21', 'Res Lamongan', 791),
(570, '2016BB12LN005632', 'd7095a547445a60d54b79110b93f8173', NULL, NULL, '117.102.93.162', NULL, '2016-11-02 13:57:35', 'Res Lamongan', 791),
(571, '2016BB12LN005633', 'c97d109105f179ca8fd3350a8f43318a', NULL, NULL, '117.102.93.162', NULL, '2016-11-02 13:57:43', 'Res Lamongan', 791),
(572, '2016BB12LN005634', 'cd7908f8f22bb06658d5c62f36a4e688', NULL, NULL, '117.102.93.162', NULL, '2016-11-02 13:57:54', 'Res Lamongan', 791),
(573, '2016BB12LN005635', 'bbe883078c90b72f2529f3fe49d37eab', NULL, NULL, '117.102.93.162', NULL, '2016-11-02 13:58:02', 'Res Pamekasan', 791),
(574, '2016BB12LN005636', 'd2fb142e6677c266ba4b4d3b21e612c1', NULL, NULL, '117.102.93.162', NULL, '2016-11-02 13:58:11', 'Res Pamekasan', 791),
(575, '2016BB12LN005637', '6dc917f43936828b61b1cf0e0c52bbcb', NULL, NULL, '117.102.93.162', NULL, '2016-11-02 13:58:20', 'Res Bangkalan', 791),
(576, '2016BB12LN005638', 'a5e14e34040e03a654cbf87b46c575e1', NULL, NULL, '117.102.93.162', NULL, '2016-11-02 13:58:29', 'Res Bangkalan', 791),
(577, '2016BB12LN005639', 'c87c5d0ce85aa31a6a604965685bd277', NULL, NULL, '117.102.93.162', NULL, '2016-11-02 13:58:42', 'Res Sampang', 791),
(578, '2016BB12LN005640', 'd7b37ba765dfc2a0b0a481d83971fc7b', NULL, NULL, '117.102.93.162', NULL, '2016-11-02 13:58:52', 'Res Sampang', 791),
(579, '2016BB12LN005641', '564e2161fc24fd494b0acf3740391086', NULL, NULL, '117.102.93.162', NULL, '2016-11-02 13:59:02', 'Res Sumenep', 791),
(580, '2016BB12LN005642', '7c4373e81a99ad9facb34acf39774237', NULL, NULL, '117.102.93.162', NULL, '2016-11-02 13:59:11', 'Res Sumenep', 791),
(581, '2016BB12LN005643', 'a4c39d8ef720ce4513ee7e22867159ce', NULL, NULL, '117.102.93.162', NULL, '2016-11-02 14:03:16', 'Balikpapan', 791),
(582, '2016BB12LN005644', '8a7ba602287279e89b91abdb2d9ed0e6', NULL, NULL, '117.102.93.162', NULL, '2016-11-02 14:03:28', 'Balikpapan', 791),
(583, '2016BB12LN005645', 'cc45633e0a483fad5207ed8e4057a1de', NULL, NULL, '117.102.93.162', NULL, '2016-11-02 14:03:34', 'Balikpapan', 791),
(584, '2016BB12LN005647', '253de9aca07158de92b389ad47afc640', NULL, NULL, '117.102.93.162', NULL, '2016-11-02 14:03:44', 'Balikpapan', 791),
(585, '2016BB12LN005648', '657dae2dd91d0a8280038bbcd5d00c6e', NULL, NULL, '117.102.93.162', NULL, '2016-11-02 14:03:53', 'Samarinda', 791),
(587, '2016BB12LN005653', 'a55346c9e412f9556cf6ad9635d547ca', NULL, NULL, '117.102.93.162', NULL, '2016-11-02 14:04:10', 'Samarinda', 791),
(588, '2016BB12LN005654', '521aac0297b252a98e2e6b0dca583e45', NULL, NULL, '117.102.93.162', NULL, '2016-11-02 14:04:18', 'Samarinda', 791),
(589, '2016BB12LN005655', '8b526d01fa1d129950ec6ca6e59b378f', NULL, NULL, '117.102.93.162', NULL, '2016-11-02 14:04:35', 'Sorong', 791),
(590, '2016BB12LN005656', '5f4dd00e78ac8d3b7b849663c3002b43', NULL, NULL, '117.102.93.162', NULL, '2016-11-02 14:04:40', 'Sorong', 791),
(591, '2016BB12LN005664', '98b810e94ce1357f598509dfb285e680', NULL, NULL, '117.102.93.162', NULL, '2016-11-02 14:04:49', 'Sorong', 791),
(592, '2016BB12LN005666', 'e5ae3c3117ddcd7013bf253935c549f6', NULL, NULL, '117.102.93.162', NULL, '2016-11-02 14:04:57', 'Sorong', 791),
(594, '2016BB12LN004978', '87750c7bbc659644cce1c94a02ffd188', NULL, NULL, '117.102.93.162', NULL, '2016-11-02 14:05:17', 'ITMC KORLANTAS', 791),
(595, '2016BB12LN005460', '8bb0b11192c01ea0887cf11cfc356ea1', NULL, NULL, '117.102.93.162', NULL, '2016-11-02 14:05:26', 'ITMC KORLANTAS', 791),
(596, '2016BB12LN005451', '7162a9085e24c98c6f155b2037dd68d6', NULL, NULL, '117.102.93.162', NULL, '2016-11-02 14:05:34', 'ITMC KORLANTAS', 791),
(597, '2016BB12LN005614', 'db09ef6ecdd38b960c6095d233f9bd45', NULL, NULL, '117.102.93.162', NULL, '2016-11-02 14:05:42', 'ITMC KORLANTAS', 791),
(598, '2016BB12LN005617', '1889d01e4ea45b4ae16872b2dca274e1', NULL, NULL, '117.102.93.162', NULL, '2016-11-02 14:05:51', 'ITMC KORLANTAS', 791),
(599, '2015BB12LN004831', '13c7a790b1c5c1279ea2eb681b533ccb', NULL, NULL, '117.102.93.162', NULL, '2016-11-02 14:06:03', 'ITMC KORLANTAS', 791),
(600, '2016BB12LN005037', '7b5a7aca0d926450a5397f018e0de44b', NULL, NULL, '117.102.93.162', NULL, '2016-11-02 14:06:13', 'ITMC KORLANTAS', 791),
(601, '2015BB1200000721', '67235500c1cf6194b21ebf469e5321f7', NULL, NULL, '36.79.176.110', '192.168.74.49', '2016-11-03 08:45:37', 'BPRKS SUMEDANG', 783),
(602, '2016BB12LN005668', '662b90c3f20e129bf18fc0b9aca8673b', NULL, NULL, '182.30.101.24', NULL, '2016-11-14 16:11:15', 'ITMC KORLANTAS', 791),
(603, '2016BB12LN005661', 'd40297b9de7abd83386bc923da126cf0', NULL, NULL, '182.30.101.24', NULL, '2016-11-14 16:11:43', 'ITMC KORLANTAS', 791),
(604, '2016BB12LN005669', '13efb4e5af3bdad1262c71390b895258', NULL, NULL, '182.30.101.24', NULL, '2016-11-14 16:12:04', 'ITMC KORLANTAS', 791),
(605, '2016BB12LN005662', '374b39d481048dc7a79ece42a3dbcd9b', NULL, NULL, '182.30.101.24', NULL, '2016-11-14 16:12:20', 'ITMC KORLANTAS', 791),
(606, '2016BB12LN005660', '92549d96b59352030e73cec4812a60db', NULL, NULL, '182.30.101.24', NULL, '2016-11-14 16:12:36', 'ITMC KORLANTAS', 791),
(607, '2016BB12LN005657', '05b6f13f35fee061cdf0304d0775b49d', NULL, NULL, '182.30.101.24', NULL, '2016-11-14 16:12:51', 'ITMC KORLANTAS', 791),
(608, '2016BB12LN005652', 'dad54ec17ef99e93bfac2d5851d07d9e', NULL, NULL, '182.30.101.24', NULL, '2016-11-14 16:13:09', 'ITMC KORLANTAS', 791),
(609, '2015BB12LN004869', '42aef5c72845a51cd496fd257bcad7ea', NULL, NULL, '118.97.209.68', '192.168.50.26', '2016-11-15 02:11:18', 'KCU PONTIANAK', 672),
(610, '2016BB12LN004985', 'f2db35d1b936fb6ba45d43630f32624b', NULL, NULL, '118.97.209.68', '192.168.50.26', '2016-11-15 02:30:55', 'KC KUBURAYA', 675),
(611, '2015BB12LN004832', '23c38ace50ead322fad3b3541e97d113', NULL, NULL, '118.97.209.68', NULL, '2016-11-15 03:08:13', 'CABANG KUBU RAYA', 674),
(612, '2015BB1200000918', '47cd1daecdc81b29a74166120ba3e104', NULL, NULL, '36.66.94.49', NULL, '2016-11-16 03:47:05', 'KANTOR CABANG PADANG', 796),
(613, '2015BB1200000338', '1867121dde918bb5258e5d8e89aefcbb', NULL, NULL, '36.79.176.110', '192.168.74.78', '2016-11-16 04:54:49', 'PAC', 783),
(614, '2015BB1200000341', '637729818dec3467311ff3bf99548756', NULL, NULL, '36.79.176.110', '192.168.74.78', '2016-11-16 04:58:34', 'PAC', 783),
(615, '2015BB1200000345', 'a96f61c7a65249422fa6fa6c483a45b6', NULL, NULL, '36.79.176.110', '192.168.74.78', '2016-11-16 05:03:09', 'PAC', 783),
(616, '2015BB1200000348', 'a52eb7c2eef8c51134b8645358c5b95c', NULL, NULL, '36.79.176.110', '192.168.74.78', '2016-11-16 05:09:20', 'PAC', 783),
(617, '2015BB1200000344', '3cd7fcaaf8dcbe52af683d35cdbcfe20', NULL, NULL, '36.79.176.110', '192.168.74.78', '2016-11-16 05:12:58', 'PAC', 783),
(618, '2015BB1200000346', '14fb9c9fabc4ff7c1f5582b668d2a8ab', NULL, NULL, '36.79.176.110', '192.168.74.78', '2016-11-16 05:15:57', 'PAC', 783),
(619, '2015BB1200000343', '8a1d1d099751a0fafe70efcffda44df1', NULL, NULL, '36.79.176.110', '192.168.74.78', '2016-11-16 05:19:32', 'PAC', 783),
(620, '2015BB1200000340', 'a5ed134aff65d0d5a6753db1636d49e2', NULL, NULL, '36.79.176.110', '192.168.74.78', '2016-11-16 05:22:07', 'PAC', 783),
(621, '2015BB1200000342', 'f7b184cfd51a505935d3d64496ffaf50', NULL, NULL, '36.79.176.110', '192.168.74.78', '2016-11-16 05:24:31', 'PAC', 783),
(622, '2015BB1200000337', '5c2cb4c4c484b3439a2576d759cb2618', NULL, NULL, '36.79.176.110', '192.168.74.78', '2016-11-16 05:27:27', 'PAC', 783),
(623, '2015BB1200000549', '0a37ce22363026360b159bca11c6d42a', NULL, NULL, '36.66.94.49', NULL, '2016-11-16 06:39:49', 'KANTOR CABANG BANDA ACEH', 792),
(624, '2015BB1200000869', '72a67e4670a2c810fa953fc736964c6c', NULL, NULL, '36.66.94.49', NULL, '2016-11-16 06:41:04', 'KANTOR CABANG KARAWANG', 793),
(625, '2015BB1200000841', 'f1342394827ba04921754401b5f7188c', NULL, NULL, '36.66.94.49', NULL, '2016-11-16 06:41:57', 'KANTOR CABANG TANGERANG CIKOKOL', 794),
(626, '2015BB1200000771', '28908b9e215cbc5993e007ca7baf6943', NULL, NULL, '36.66.94.49', NULL, '2016-11-16 06:42:30', 'KANTOR CABANG JAMBI', 795),
(627, '2015BB1200000425', 'df797c4420533e4b110d5ac74fe0abf2', NULL, NULL, '36.66.94.49', NULL, '2016-11-16 06:43:03', 'KANTOR CABANG JAKARTA KELAPA GADING', 797),
(628, '2015BB1200000833', '006c87272aff765b1c2509804ecb42f7', NULL, NULL, '36.66.94.49', NULL, '2016-11-16 06:43:52', 'KANTOR CABANG PURWOKERTO', 798),
(629, '2015BB1200000926', '2ed887ea7775ee649a0d506cfc206493', NULL, NULL, '36.66.94.49', NULL, '2016-11-16 06:44:26', 'KANTOR CABANG JEMBER', 799),
(630, '2015BB1200000849', '29b0bf048721e4cdb550a69de2ddff7d', NULL, NULL, '36.66.94.49', NULL, '2016-11-16 06:44:54', 'KANTOR CABANG BANJARMASIN', 800),
(631, '2015BB1200000282', 'd3e2a1e57b6a1403c9bdfaf3358a0e8a', NULL, NULL, '36.66.94.49', NULL, '2016-11-16 06:45:26', 'KANTOR CABANG MANADO', 801),
(632, '2016BB12LN005024', 'e32b7a6babab393d1a76df3c0ed7d268', NULL, NULL, '110.139.97.255', NULL, '2016-11-17 06:30:14', 'CABANG KCU', 673),
(633, '2015BB12LN004846', 'd8858602c0c4ef9c3429d5b0d836733f', NULL, NULL, '222.124.17.170', NULL, '2016-11-29 06:16:58', 'SETDA JABAR', 803),
(634, '2016BB12GB008045', '27c0320e41825ae868fa35d374f96e37', NULL, NULL, '36.66.94.49', NULL, '2016-12-09 13:43:31', 'KANTOR PUSAT', 792),
(635, '2016BB12GB008044', '78a1673ab913de284f2f6e2057f1b620', NULL, NULL, '36.66.94.49', NULL, '2016-12-09 13:52:30', 'KANTOR PUSAT', 792),
(636, '2016BB12GB008046', 'b49ef592db3810fa69983ca34e276a02', NULL, NULL, '36.66.94.49', NULL, '2016-12-09 13:52:43', 'KANTOR PUSAT', 792),
(637, '2016BB12GB008047', '062545942b29c5a05a24e1d5eb1145eb', NULL, NULL, '36.66.94.49', NULL, '2016-12-09 13:52:51', 'KANTOR PUSAT', 792),
(638, '2015BB12LN004882', 'f65ca219c9780b5ea293b0ec211b1857', NULL, NULL, '180.253.42.137', NULL, '2016-12-23 10:35:46', 'DINAS KEPENDUDUKAN DAN PENCATATAN SIPIL KABUPATEN MALANG', 804),
(640, '2015BB12LN004666', '14f3c6a50951265f6457436477ad9b2d', NULL, NULL, '115.178.217.10', NULL, '2017-01-20 07:14:43', 'KATAMSO', 248),
(641, '2015BB12LN004722', '86a5ee8f7cdfcc78e61b13876fb92866', NULL, NULL, '115.178.217.10', NULL, '2017-01-20 07:23:39', 'BANDA ACEH', 248),
(642, '2015BB12LN004706', '9c3c04f4f7fbc752e7411d1f294cd4b0', NULL, NULL, '115.178.217.10', NULL, '2017-01-20 07:25:04', 'BOGOR DEWI SARTIKA', 248);
INSERT INTO `sam_license` (`id_sam_license`, `sam_id`, `license`, `nama_institusi`, `nama_user`, `ip_user`, `ip_proxy`, `tgl_buat`, `keterangan`, `id_user_license`) VALUES
(643, '2015BB12LN004717', '49c54baf581358dfc6534a1a0c93a9be', NULL, NULL, '115.178.217.10', NULL, '2017-01-20 07:26:38', 'BANDUNG ASIA AFRIKA', 248),
(644, '215BB12LNN004637', 'f2730b800c10bbb62333255278f22a21', NULL, NULL, '115.178.217.10', NULL, '2017-01-20 07:28:07', 'MEDAN ISKANDAR MUDA', 248),
(645, '2015BB12LN004258', 'b6b9234361e958e2ff3980cd040681bb', NULL, NULL, '115.178.217.10', NULL, '2017-01-20 07:28:35', 'CIREBON KARTINI', 248),
(646, '2015BB12LN004259', 'df1c4b88555aa3b179798137643c06bc', NULL, NULL, '115.178.217.10', NULL, '2017-01-20 07:30:30', 'SUKABUMI', 248),
(647, '2015BB12LN004638', '46b2735407e936687ceb1445b2e18cfc', NULL, NULL, '115.178.217.10', NULL, '2017-01-20 07:30:32', 'MEDAN SISINGAMANGARAJA', 248),
(648, '2015BB12LN004684', 'f22ba58c38e0c212d11881eba745946b', NULL, NULL, '115.178.217.10', NULL, '2017-01-20 07:31:08', 'Jakarta Pancoran', 248),
(649, '2015BB12LN004730', 'c6e58f25532276326610195e3f156904', NULL, NULL, '115.178.217.10', NULL, '2017-01-20 07:32:31', 'BANDUNG NARIPAN', 248),
(650, '2015BB12LN004711', 'e08ede4ae059fabdc81c14ecc89cea1f', NULL, NULL, '115.178.217.10', NULL, '2017-01-20 07:32:35', 'Cikarang', 248),
(651, '2015BB12LN004639', '0d8a784b4940ae90f06acc771587a938', NULL, NULL, '115.178.217.10', NULL, '2017-01-20 07:33:47', 'BUKITTINGGI', 248),
(652, '2015BB12LN004738', 'cceb35108d701cf8850af958883e483b', NULL, NULL, '115.178.217.10', NULL, '2017-01-20 07:33:53', 'CIKAMPEK', 248),
(653, '2015BB12LN004261', '46ae5b313e5a251f16b0ddbe51606448', NULL, NULL, '115.178.217.10', NULL, '2017-01-20 07:34:23', 'BANDUNG A.H. NASUTION', 248),
(654, '2015BB12LN004716', 'd1506241b18b133fcc829f9c8d16b00d', NULL, NULL, '115.178.217.10', NULL, '2017-01-20 07:35:26', 'BEKASI', 248),
(655, '2015BB12LN004262', '8bd113731562852168ec2e88cb1f5e08', NULL, NULL, '115.178.217.10', NULL, '2017-01-20 07:37:41', 'CIMAHI', 248),
(656, '2015BB12LN004732', '1257ae6afb9047089cb215c562341558', NULL, NULL, '115.178.217.10', NULL, '2017-01-20 07:37:46', 'KARAWANG', 248),
(657, '2015BB12LN004263', '1313c1a6619a8002607673dee0da556b', NULL, NULL, '115.178.217.10', NULL, '2017-01-20 07:39:18', 'GARUT', 248),
(658, '2015BB12LN004264', 'bec810c752d5f86f195d7ea5d4de11d0', NULL, NULL, '115.178.217.10', NULL, '2017-01-20 07:41:39', 'BANDUNG MARTADINATA', 248),
(659, '2015BB12LN004265', '0280b22947c6ad90cbdc41b2be55d22a', NULL, NULL, '115.178.217.10', NULL, '2017-01-20 07:43:57', 'BANDUNG DAGO', 248),
(660, '2015BB12LN004640', '66232f266deb34c606aca6230f6f8f32', NULL, NULL, '115.178.217.10', NULL, '2017-01-20 07:45:36', 'PADANG', 248),
(661, '2015BB12LN004697', '1a31cddca025a4dbe0c76f4af81f8a39', NULL, NULL, '115.178.217.10', NULL, '2017-01-20 07:45:58', 'JAKARTA WARUNG BUNCIT', 248),
(662, '2015BB121LN00426', '15c9b6a51c52a2021c10cf08f7918a2d', NULL, NULL, '115.178.217.10', NULL, '2017-01-20 07:46:37', 'BANDUNG DEWI SARTIKA', 248),
(663, '2015BB12LN004704', '850a6b47f40d4d69f24ce44ae47925bd', NULL, NULL, '115.178.217.10', NULL, '2017-01-20 07:47:16', 'BURSA EFEK JAKARTA', 248),
(664, '2015BB12LN004731', '1f116996158e9df200b85a3a7415c772', NULL, NULL, '115.178.217.10', NULL, '2017-01-20 07:48:52', 'JAKARTA PURI NIAGA', 248),
(665, '2015BB12LN004703', '2af0b3e99c7c7828b5e61b8786b175b4', NULL, NULL, '115.178.217.10', NULL, '2017-01-20 07:50:34', 'JAKARTA KEBON JERUK', 248),
(666, '2015BB12LN004266', '449672c7273c3fcae4210ad59127950e', NULL, NULL, '115.178.217.10', NULL, '2017-01-20 07:50:52', 'BANDUNG DEWI SARTIKA', 248),
(667, '2015BB12LN004641', '70ac0ecb72bbe43b3328c38e789be21b', NULL, NULL, '115.178.217.10', NULL, '2017-01-20 07:52:05', 'PALEMBANG RIVAI', 248),
(668, '2015BB12LN004725', '3a34744ee299a0f4e4a7a32022a31233', NULL, NULL, '115.178.217.10', NULL, '2017-01-20 07:52:47', 'PONTIANAK', 248),
(669, '2015BB12LN004267', '64889871cd5b9bf22d5a37bdcc44896b', NULL, NULL, '115.178.217.10', NULL, '2017-01-20 07:53:49', 'BALIKPAPAN SUDIRMAN', 248),
(670, '2015BB12LN004642', '9b3a032ddfc50c16fd9bfc4799c217c9', NULL, NULL, '115.178.217.10', NULL, '2017-01-20 07:56:14', 'JAMBI', 248),
(671, '2015BB12LN004643', 'fe0b3e34802d4a6746e0ed1a4ec955bc', NULL, NULL, '115.178.217.10', NULL, '2017-01-20 07:59:09', 'PANGKAL PINANG', 248),
(672, '2015BB12LN004726', '40317c6d66b874bd71f202def272b3f4', NULL, NULL, '115.178.217.10', NULL, '2017-01-20 07:59:41', 'BANJARMASIN SAMUDRA', 248),
(673, '2015BB12LN004702', '3a1957cf1425fe8526825d305dc3d0ff', NULL, NULL, '115.178.217.10', NULL, '2017-01-20 08:02:17', 'DENPASAR GAJAH MADA', 248),
(674, '2015BB12LN004718', 'b7f1b1ed4d95dd0e010a8fc410a554ff', NULL, NULL, '115.178.217.10', NULL, '2017-01-20 08:05:00', 'DENPASAR GATOT SUBROTO', 248),
(675, '2015BB12LN004710', '4b0663c92bb0ed47ec85698e31b7868a', NULL, NULL, '115.178.217.10', NULL, '2017-01-20 08:06:57', 'DENPASAR RENON', 248),
(676, '2015BB12LN004723', '947d48b9c73a920f81dda160ccbffa52', NULL, NULL, '115.178.217.10', NULL, '2017-01-20 08:10:28', 'JAKARTA TANAH ABANG', 248),
(677, '2015BB12LN004714', '46de32e7299b88a4788ab01f0c5fbfca', NULL, NULL, '115.178.217.10', NULL, '2017-01-20 08:53:01', 'JAKARTA HAYAM WURUK', 248),
(678, '2015BB12LN004678', '9ce6ae365e38bc3f23d08a2b4954915f', NULL, NULL, '115.178.217.10', NULL, '2017-01-20 08:55:21', 'JAKARTA JATINEGARA', 248),
(679, '2015BB12LN004729', 'c45d432b1cc8426a8e1f47a4d97e36d5', NULL, NULL, '115.178.217.10', NULL, '2017-01-20 08:57:28', 'TANGERANG', 248),
(680, '2015BB12LN004644', '322e3d3aa2fbbfff4e141f55a819b2d2', NULL, NULL, '115.178.217.10', NULL, '2017-01-20 08:57:35', 'PALEMBANG SRIWIJAYA', 248),
(681, '2015BB12LN004707', '63049d7120f695904da8f14b1f185ec1', NULL, NULL, '115.178.217.10', NULL, '2017-01-20 08:58:11', 'JAKARTA VETERAN', 248),
(682, '2015BB12LN004719', 'a36ec8595b8cd4c59407299f816518b7', NULL, NULL, '115.178.217.10', NULL, '2017-01-20 08:58:52', 'BUMI SERPONG DAMAI', 248),
(683, '2015BB12LN004705', 'abf0cdf21fdc8aeccb7f8e882aac5286', NULL, NULL, '115.178.217.10', NULL, '2017-01-20 08:59:54', 'CIPUTAT', 248),
(684, '2015BB12LN004645', 'c34e04293eb1ce2b92f36824408aaab4', NULL, NULL, '115.178.217.10', NULL, '2017-01-20 09:00:02', 'TELUK BETUNG', 248),
(685, '2015BB12LN004708', 'f2bfa34a9bd720b505bb776d7be1bdc1', NULL, NULL, '115.178.217.10', NULL, '2017-01-20 09:00:13', 'JAKARTA KELAPA GADING', 248),
(686, '2015BB12LN004715', '7e3c2602cf8e8de37db5f76d773810c5', NULL, NULL, '115.178.217.10', NULL, '2017-01-20 09:01:18', 'TANGERANG MERDEKA', 248),
(687, '2015BB12LN004646', 'b876ed6b20a6afee5346d9937362b4c7', NULL, NULL, '115.178.217.10', NULL, '2017-01-20 09:02:18', 'TANJUNG KARANG', 248),
(688, '2015BB12LN004713', 'ad2de2c55f4c6550f08cf67be8c7f5e6', NULL, NULL, '115.178.217.10', NULL, '2017-01-20 09:02:20', 'JAYAPURA', 248),
(689, '2015BB12LN004728', 'd49426c6d80c20159a98e707cec1c21a', NULL, NULL, '115.178.217.10', NULL, '2017-01-20 09:02:30', 'JAKARTA KRAMAT', 248),
(690, '2015BB12LN004693', 'b80fa7695148d5db4b5d0dd69aa13d50', NULL, NULL, '115.178.217.10', NULL, '2017-01-20 09:03:50', 'MAKASSAR A.YANI', 248),
(691, '2015BB12LN004647', '6977848ee6a5a7f76a8416ba1f90d22d', NULL, NULL, '115.178.217.10', NULL, '2017-01-20 09:03:51', 'BENGKULU', 248),
(692, '2015BB12LN004648', 'f00a563a95427ab253bd4b775966a270', NULL, NULL, '115.178.217.10', NULL, '2017-01-20 09:05:33', 'PEKANBARU IMAM MUNANDAR', 248),
(693, '2015BB12LN004699', '950908934545cd57fa3f404db3018c8b', NULL, NULL, '115.178.217.10', NULL, '2017-01-20 09:05:42', 'MAKASSAR SOMBA OPU', 248),
(694, '2015BB12LN004685', '35bdcd922878f232789a9ad1ed4946f0', NULL, NULL, '115.178.217.10', NULL, '2017-01-20 09:05:48', 'JAKARTA SUDIRMAN 1', 248),
(695, '2015BB12LN004649', '262947e907e31eddd6e01531df9f9e25', NULL, NULL, '115.178.217.10', NULL, '2017-01-20 09:07:32', 'PEKANBARU SUDIRMAN', 248),
(696, '2915BB12LN004701', '024ec12de1e2f2046cdab21d9b5d0be5', NULL, NULL, '115.178.217.10', NULL, '2017-01-20 09:08:12', 'JAKARTA TANJUNG PRIOK', 248),
(697, '2015BB12LN004650', '01df43a06937e34ce5869d1e203a962c', NULL, NULL, '115.178.217.10', NULL, '2017-01-20 09:09:10', 'BATAM', 248),
(698, '2015BB12LN004700', '2a87ef09c3c99984aba7b4f3314c30ae', NULL, NULL, '115.178.217.10', NULL, '2017-01-20 09:10:24', 'JAKARTA CUT MUTIAH', 248),
(699, '2015BB12LN004651', '70f6f76410200ce191c04bcc25d9521e', NULL, NULL, '115.178.217.10', NULL, '2017-01-20 09:10:55', 'SEMARANG PANDANARAN', 248),
(700, '2015BB12LN004652', 'fdca10739390afb7cf64969812cf4565', NULL, NULL, '115.178.217.10', NULL, '2017-01-20 09:12:40', 'SEMARANG PATIMURA', 248),
(701, '2015BB12LN004709', '8e18f5f00f7663643fc406ce88d7be9c', NULL, NULL, '115.178.217.10', NULL, '2017-01-20 09:12:57', 'JAKARTA GATOT SUBROTO', 248),
(702, '2015BB12LN004677', '33e98ebba8079432e237da98c9ba3f90', NULL, NULL, '115.178.217.10', NULL, '2017-01-20 09:14:49', 'JAKARTA FATMAWATI', 248),
(703, '2015BB12LN004653', 'c39d99c3eb562b9c6c095eadff2edc31', NULL, NULL, '115.178.217.10', NULL, '2017-01-20 09:15:01', 'SEMARANG A. YANI', 248),
(704, '2015BB12LN004654', '18efac769b47744890b3fd73c873bd43', NULL, NULL, '115.178.217.10', NULL, '2017-01-20 09:16:59', 'UNGGARAN', 248),
(705, '2015BB12LN004712', 'fd383a65918a0b3d6429b9b61019103b', NULL, NULL, '115.178.217.10', NULL, '2017-01-20 09:17:06', 'KCP MALL PONDOK INDAH 2', 248),
(706, '2015BB12LN004695', '33f917709e9e7d7012b4ed14a5143564', NULL, NULL, '115.178.217.10', NULL, '2017-01-20 09:18:41', 'JAKARTA PANGLIMA POLIM', 248),
(707, '2015BB12LN004655', 'ddffba070de2bea2631cc8f16eb3fce8', NULL, NULL, '115.178.217.10', NULL, '2017-01-20 09:18:53', 'TEGAL', 248),
(708, '2015BB12LN004691', '705662b0c621a971c90046bb8e5f9b62', NULL, NULL, '115.178.217.10', NULL, '2017-01-20 09:20:00', 'DEPOK', 248),
(709, '2015BB12LN004656', 'fe6b57f6543adac6eb7fca75db77fcee', NULL, NULL, '115.178.217.10', NULL, '2017-01-20 09:20:35', 'PEKALONGAN', 248),
(710, '2015BB12LN004736', '613804ea5b96f91732afc31ca5892748', NULL, NULL, '115.178.217.10', NULL, '2017-01-20 09:21:00', 'MAKASSAR PANAKUKKANG', 248),
(711, '2015BB12LN004721', '67bbd7d95c1020f5b62bd8fb8dea64e9', NULL, NULL, '115.178.217.10', NULL, '2017-01-20 09:21:48', 'JAKARTA KEBAYORAN BARU', 248),
(712, '2015BB12LN004657', '19167cfb57984525e0484e417d9fa7c7', NULL, NULL, '115.178.217.10', NULL, '2017-01-20 09:22:05', 'KUDUS', 248),
(713, '2015BB12LN004670', 'd56d435fe2ac750af5ac88097afba9cc', NULL, NULL, '115.178.217.10', NULL, '2017-01-20 09:22:08', 'MALANG KAWI', 248),
(714, '2015BB12LN004624', 'f0def7a2e53add883b11664618269d69', NULL, NULL, '115.178.217.10', NULL, '2017-01-20 09:23:11', 'JEMBER', 248),
(715, '2015BB12LN004687', '9746d6b62136222d200f1f897342fd07', NULL, NULL, '115.178.217.10', NULL, '2017-01-20 09:23:28', 'JAKARTA PASAR MINGGU', 248),
(716, '2015BB12LN004658', 'fbc7d34f446021e068c46e7e505222aa', NULL, NULL, '115.178.217.10', NULL, '2017-01-20 09:23:39', 'SURABAYA KALIASIN', 248),
(717, '2015BB12LN004625', '815feb70f7a7b4e7911eac8cacc06480', NULL, NULL, '115.178.217.10', NULL, '2017-01-20 09:24:17', 'PASURUAN', 248),
(718, '2015BB12LN004659', '24f9b16695c87be556e664375640b703', NULL, NULL, '115.178.217.10', NULL, '2017-01-20 09:25:12', 'GRESIK', 248),
(719, '2015BB12LN004660', 'f18b6ca9ee3a162d9b0320571d207fe9', NULL, NULL, '115.178.217.10', NULL, '2017-01-20 09:27:47', 'SURABAYA RAJAWALI', 248),
(720, '2015BB12LN004626', 'cebe7ccc1a6fb3d7e70970b63bd3a188', NULL, NULL, '115.178.217.10', NULL, '2017-01-20 09:28:27', 'MALANG MARTADINATA', 248),
(721, '2015BB12LN004661', '1c149b76e4c2a72c4251bf264221b354', NULL, NULL, '115.178.217.10', NULL, '2017-01-20 09:29:33', 'SURABAYA PAHLAWAN', 248),
(722, '2015BB12LN004627', 'cf8442c79b00502b37c6f6b81638f25a', NULL, NULL, '115.178.217.10', NULL, '2017-01-20 09:31:10', 'BANYUWANGI', 248),
(723, '2015BB12LN004662', 'd011ea936c63d656b3ba8bd3f35b248f', NULL, NULL, '115.178.217.10', NULL, '2017-01-20 09:31:33', 'SIDOHARJO', 248),
(724, '2015BB12LN004628', '11c108d91573ee4ee6bbaaf5a82f3d68', NULL, NULL, '115.178.217.10', NULL, '2017-01-20 09:33:32', 'KEDIRI', 248),
(725, '2015BB12LN004663', 'c7cf75c9e7cfb4add575268d2c65414c', NULL, NULL, '115.178.217.10', NULL, '2017-01-20 09:33:40', 'JOMBANG', 248),
(726, '2015BB12LN004664', 'd64702c3c6c76284a3b0f135314c310c', NULL, NULL, '115.178.217.10', NULL, '2017-01-20 09:35:27', 'YOGYAKARTA CIK DITIRO', 248),
(727, '2015BB12LN004665', '1262b43e6efcf87cf92ab38ed2b720a5', NULL, NULL, '115.178.217.10', NULL, '2017-01-20 09:38:05', 'SOLO SLAMAT RIYADI', 248),
(728, '2015BB12LN004629', '9041de088be75b506590140b39852fe8', NULL, NULL, '115.178.217.10', NULL, '2017-01-20 09:38:42', 'MADIUN', 248),
(729, '2015BB12LN004667', 'eb31fe63d958cacd3cae20f843613f2b', NULL, NULL, '115.178.217.10', NULL, '2017-01-20 09:40:51', 'SOLO - SUDIRMAN', 248),
(730, '2015BB12LN004630', '591a59f1911757b7d674a59652677a2e', NULL, NULL, '115.178.217.10', NULL, '2017-01-20 09:41:29', 'MALANG SOEKARNO HATTA', 248),
(731, '2015BB12LN004668', 'cf0544df6aaa4acc6bf84c53c5b56e91', NULL, NULL, '115.178.217.10', NULL, '2017-01-20 09:42:35', 'MAGELANG', 248),
(732, '2015BB12LN004733', 'b4775c09d25c6f54b8c3cffa53fb08b6', NULL, NULL, '115.178.217.10', NULL, '2017-01-20 09:43:40', 'PROBOLINGGO', 248),
(733, '2015BB12LN004669', '9365afb9aaa69c4637a93b1f70746c29', NULL, NULL, '115.178.217.10', NULL, '2017-01-20 09:44:09', 'PURWOKERTO', 248),
(734, '2015BB12LN004698', '39c2afbe4bb9d4919d126c5e9995233e', NULL, NULL, '115.178.217.10', NULL, '2017-01-20 09:45:48', 'TULUNGAGUNG', 248),
(735, '2015BB12LN004633', '8a2a5b0b4e0234c51b37105b08c687a4', NULL, NULL, '115.178.217.10', NULL, '2017-01-20 09:48:09', 'MANADO', 248),
(736, '2015BB12LN004634', '982f350065e4f214e2f3fa35a98b3894', NULL, NULL, '115.178.217.10', NULL, '2017-01-20 09:49:48', 'GORONTALO', 248),
(737, '2015BB12LN004686', '7d00a77d52fc07ed75dc59fd2eb89832', NULL, NULL, '115.178.217.10', NULL, '2017-01-20 09:51:23', 'PALU', 248),
(738, '2015BB12LN004636', '630c7e14fa2058ad3fde3d8fa472ac54', NULL, NULL, '115.178.217.10', NULL, '2017-01-20 09:53:34', 'MEDAN PUTRI HIJAU', 248),
(739, '2015BB12LN004637', 'a37d105792117341251a746a7c91e3d5', NULL, NULL, '115.178.217.10', NULL, '2017-01-20 09:59:26', 'MEDAN ISKANDAR MUDA', 248),
(741, '2015BB12LN004833', 'e7eb205c38247dd9c1b732866abbee4e', NULL, NULL, '117.102.93.162', NULL, '2017-01-24 14:32:42', 'PT Kiwoom Securities', 805),
(742, '2016BB12LN005477', '246060ae9707e358b00cc31c8866e01e', NULL, NULL, '117.102.93.162', NULL, '2017-01-24 14:32:54', 'PT Shinhan Sekuritas', 805),
(743, '2016BB12LN005025', '3a5d35662e1138bfce044c7d88f8d4e4', NULL, NULL, '117.102.93.162', NULL, '2017-01-24 14:33:08', 'PT Erdikha Elit Sekuritas', 805),
(744, '2016BB12LN005039', '896b6a6129f2db95885f0a2a90e714b8', NULL, NULL, '117.102.93.162', NULL, '2017-01-24 14:33:20', 'PT Phintraco Securities', 805),
(745, '2016BB12LN005046', '0223f58bd09a2c35c10aa616ee9b4e3d', NULL, NULL, '117.102.93.162', NULL, '2017-01-24 14:33:30', 'PT Sucorinvest Central Gani', 805),
(746, '2016BB12LN005059', 'dadb651a93651ee4ffab9d5debdcafc6', NULL, NULL, '117.102.93.162', NULL, '2017-01-24 14:33:40', 'PT Trust Securities', 805),
(747, '2016BB12LN005530', '781dcc998b936700139d163e470afcb1', NULL, NULL, '117.102.93.162', NULL, '2017-01-24 14:33:55', 'PT Mandiri Sekuritas', 805),
(748, '2016BB12LN005531', 'a73245e05ac466a9932f54a706f750fb', NULL, NULL, '117.102.93.162', NULL, '2017-01-24 14:34:21', 'PT DBS Vickers Securities  Indonesia', 805),
(749, '2016BB12LN005532', '3df2fe7df5a0c78b05b8319cb5179f39', NULL, NULL, '117.102.93.162', NULL, '2017-01-24 14:34:40', 'PT RHB Securities Indonesia', 805),
(750, '2015BB12LN004938', '2d72703f2d170482c874e8daa862ad4e', NULL, NULL, '117.102.93.162', NULL, '2017-01-24 14:34:52', 'PT Evergreen Capital', 805),
(751, '2016BB12LN004981', '80073d96a98c5ac0dab369fd2fe7c8b5', NULL, NULL, '117.102.93.162', NULL, '2017-01-24 14:35:03', 'PT MNC Securities', 805),
(752, '2016BB12LN005528', '26e8861b559f6e87082449c4b68bf054', NULL, NULL, '117.102.93.162', NULL, '2017-01-24 14:35:13', 'PT Ekokapital Sekuritas', 805),
(753, '2016BB12LN005618', '9777f4d74709201cdf451320509a4cb6', NULL, NULL, '117.102.93.162', NULL, '2017-01-24 14:35:29', 'PT Onix Sekuritas', 805),
(754, '2016BB12LN005626', '4afa1256f9b21beeecc6a5bd915e1c89', NULL, NULL, '117.102.93.162', NULL, '2017-01-24 14:35:49', 'PT Yuanta Securities', 805),
(755, '2016BB12LN005646', '25d4308ebda9d138609b930dd843a001', NULL, NULL, '117.102.93.162', NULL, '2017-01-24 14:36:00', 'PT KGI Sekuritas Indonesia', 805),
(756, '2016BB12LN005650', 'b1e89d31b3e3e02173f71fc0e0a7f07e', NULL, NULL, '117.102.93.162', NULL, '2017-01-24 14:36:16', 'PT Inti Teladan Sekuritas', 805),
(757, '2016BB12LN005651', '15eb51a4dd589ba214ba025726209277', NULL, NULL, '117.102.93.162', NULL, '2017-01-24 14:36:48', 'PT Ciptadana Securities', 805),
(758, '2016BB12LN005658', '58e9859db9b61f4689bb3b614370b607', NULL, NULL, '117.102.93.162', NULL, '2017-01-24 14:36:59', 'PT Phillip Securities', 805),
(759, '2015BB12LN004936', '033042612dbfed0b0d5ccae6004c73b2', NULL, NULL, '117.102.93.162', NULL, '2017-01-24 14:37:25', 'PT Kresna Securities', 805),
(760, '2016BB12LN005670', '0cb081f7175218dbeb6f0a74bcd25848', NULL, NULL, '117.102.93.162', NULL, '2017-01-24 14:37:40', 'PT Recapital Securities', 805),
(761, '2016BB12LN005665', 'de3d44b45912dfec9c1cadfaa30e324c', NULL, NULL, '117.102.93.162', NULL, '2017-01-24 14:37:49', 'PT Reliance Securities', 805),
(762, '2016BB12LN005663', '8580c5f5c5c8e2ca9c1baadff0a1a472', NULL, NULL, '117.102.93.162', NULL, '2017-01-24 14:37:59', 'PT Minna Padi Investama Tbk', 805),
(763, '2016BB12LN005649', '50852df477377b4ff3bbc40832a00c1e', NULL, NULL, '117.102.93.162', NULL, '2017-01-24 14:38:09', 'PT BNI Securities', 805),
(764, '2016BB12LN005671', 'c46676e6492973cf93f0e152bdb662ae', NULL, NULL, '117.102.93.162', NULL, '2017-01-24 14:38:17', 'PT Danareksa Sekuritas', 805),
(765, '2016BB12LN005675', '48848151ef3fb9200bf54745c499e735', NULL, NULL, '117.102.93.162', NULL, '2017-01-24 14:38:29', 'PT Indo Premier Securities', 805),
(766, '2016BB12LN005676', 'b478bdcb793ede855745648d2e3104c9', NULL, NULL, '117.102.93.162', NULL, '2017-01-24 14:38:47', 'PT Pilarmas Investindo', 805),
(767, '2016BB12LN005677', '15f8af8c26f0fe3643c4508baecfc967', NULL, NULL, '117.102.93.162', NULL, '2017-01-24 14:38:56', 'PT Buana Capital', 805),
(768, '2016BB12LN005678', '97a2712756f44cc4ad817375475ec8d7', NULL, NULL, '117.102.93.162', NULL, '2017-01-24 14:39:05', 'PT NISP Sekuritas', 805),
(769, '2016BB12LN005679', 'e8af64b6e29374661097a93924365441', NULL, NULL, '117.102.93.162', NULL, '2017-01-24 14:39:15', 'PT Yulie Sekurindo Tbk', 805),
(770, '2016BB12LN005680', '240abeb4f94c3b3b7ca22896637be24b', NULL, NULL, '117.102.93.162', NULL, '2017-01-24 14:39:28', 'PT Universal Broker Indonesia', 805),
(771, '2016BB12LN005681', '32dc188c2b16d87a0e0a50827a6e3461', NULL, NULL, '117.102.93.162', NULL, '2017-01-24 14:39:39', 'PT Dwidana Sakti Sekurindo', 805),
(772, '2016BB12LN005674', 'e803479fd7064ffde3bfcb81596cca7d', NULL, NULL, '117.102.93.162', NULL, '2017-01-24 14:39:51', 'PT Primasia Securities', 805),
(773, '2016BB12LN005611', '7d357d8ce2acdd424a2675e668ecf379', NULL, NULL, '117.102.93.162', NULL, '2017-01-24 14:40:02', 'PT Mahakarya Artha', 805),
(774, '2016BB12LN005612', 'e2ac8a8f988de3792d4ac817ba143c1c', NULL, NULL, '117.102.93.162', NULL, '2017-01-24 14:40:15', 'PT Lautandhana Securindo', 805),
(776, '2016BB12LN005608', '7930084e6d2c0bd66e850cd351af7283', NULL, NULL, '117.102.93.162', NULL, '2017-01-24 14:41:01', 'PT Daewoo Securities Indonesia', 805),
(777, '2016BB12LN005694', 'ff3ba82783cb709143e9b89757c310e8', NULL, NULL, '117.102.93.162', NULL, '2017-01-24 14:41:11', 'PT Maybank Kim Eng Securities', 805),
(778, '2016BB12LN005695', '241a95cc0c98d2f8304e11727f1927bb', NULL, NULL, '117.102.93.162', NULL, '2017-01-24 14:41:20', 'PT Trimegah Asset Management', 805),
(779, '2016BB12LN005696', '3bf857b9d3b0b8f25ca7d9ea41ea859f', NULL, NULL, '117.102.93.162', NULL, '2017-01-24 14:41:33', 'PT Danareksa Investment Management', 805),
(780, '2016BB12LN005697', '3387323b17d36f1f31bf31370b0fd910', NULL, NULL, '117.102.93.162', NULL, '2017-01-24 14:41:43', 'PT Corfina Capital', 805),
(781, '2016BB12LN005698', 'e5b309c1c768c7cdd9566f2528711a6e', NULL, NULL, '117.102.93.162', NULL, '2017-01-24 14:42:02', 'PT Manulife Aset Manajemen Indonesia', 805),
(782, '2016BB12LN005699', 'b1ff3fb11eefcf2d7c92e1336da8a58f', NULL, NULL, '117.102.93.162', NULL, '2017-01-24 14:42:11', 'PT Quant Kapital Investama', 805),
(783, '2016BB12LN005700', 'd457e34858344e4a1fce7747747c8c84', NULL, NULL, '117.102.93.162', NULL, '2017-01-24 14:42:23', 'PT Pratama Capital Assets Management', 805),
(784, '2016BB12LN005701', '905e53d1feb7ad5e3f41d2f6e846d54c', NULL, NULL, '117.102.93.162', NULL, '2017-01-24 14:42:35', 'PT Equity Securities Indonesia', 805),
(785, '2016BB12LN005702', '549128a87d8581e5f1e458676d05047d', NULL, NULL, '117.102.93.162', NULL, '2017-01-24 14:42:49', 'PT Recapital Asset Management', 805),
(786, '2016BB12LN005703', '1d2317367aa26517847c6d24a65add24', NULL, NULL, '117.102.93.162', NULL, '2017-01-24 14:42:59', 'PT Insight Investments Management', 805),
(788, '2016BB12LN005704', 'c1a5d1c3581eb20ecf21c0d14b9c5fb7', NULL, NULL, '117.102.93.162', NULL, '2017-01-24 14:44:47', 'PT Ciptadana Asset Management', 805),
(789, '2016BB12LN005705', '569170e014092527c7adb550c41eec12', NULL, NULL, '117.102.93.162', NULL, '2017-01-24 14:44:57', 'PT OSO Manajemen Investasi', 805),
(790, '2016BB12LN005706', '2cab419b13ed59ca6820c68d69f157d1', NULL, NULL, '117.102.93.162', NULL, '2017-01-24 14:45:11', 'PT Mandiri Manajemen Investasi', 805),
(791, '2016BB12LN005707', '90b5909932c494e8e9c78763d2107313', NULL, NULL, '117.102.93.162', NULL, '2017-01-24 14:45:20', 'PT RHB Asset Management Indonesia', 805),
(792, '2016BB12LN005708', '5d9e3461de07efc35e41b66ed68697c6', NULL, NULL, '117.102.93.162', NULL, '2017-01-24 14:45:29', 'PT Bowsprit Asset Management', 805),
(793, '2016BB12LN005709', '01cf36c306ceb003e6ac9b80b4d19f7f', NULL, NULL, '117.102.93.162', NULL, '2017-01-24 14:45:38', 'PT Kresna Asset Management', 805),
(794, '2016BB12LN005710', '8fa73dce30dd69755e61c3acb7118aad', NULL, NULL, '117.102.93.162', NULL, '2017-01-24 14:45:57', 'PT PNM Investment Management', 805),
(795, '2016BB12LN005711', 'ee8cabc994789bcb00de033848cf52e8', NULL, NULL, '117.102.93.162', NULL, '2017-01-24 14:46:09', 'PT Maybank Asset Management', 805),
(796, '2016BB12LN005712', '77c68f6c031ca2e44f69061c3e9ecf95', NULL, NULL, '117.102.93.162', NULL, '2017-01-24 14:46:25', 'PT Asia Raya Kapital', 805),
(797, '2016BB12LN005713', '0088bacd83869503c19acb918aadf285', NULL, NULL, '117.102.93.162', NULL, '2017-01-24 14:46:36', 'PT MNC Asset Management', 805),
(798, '2016BB12LN005714', 'b37969ae53bb3363a73294818dfde335', NULL, NULL, '117.102.93.162', NULL, '2017-01-24 14:46:45', 'PT XDana Investa Indonesia', 805),
(799, '2016BB12LN005715', '24938fa6ada5e5193c8dbe6c5c1e36b8', NULL, NULL, '117.102.93.162', NULL, '2017-01-24 14:46:54', 'PT Pacific 2000 Securities', 805),
(800, '2016BB12LN005716', '350322321db56a24636ccc5cf7eb3120', NULL, NULL, '117.102.93.162', NULL, '2017-01-24 14:47:04', 'PT Asjaya Indosurya Securities', 805),
(801, '2016BB12LN005717', 'd073eec6852452d4bddf112285b11388', NULL, NULL, '117.102.93.162', NULL, '2017-01-24 14:47:13', 'PT Waterfront Securities Indonesia', 805),
(802, '2016BB12LN005718', 'dd848cf9362e95b492c4c90f3c48a540', NULL, NULL, '117.102.93.162', NULL, '2017-01-24 14:47:25', 'PT Panca Global Securities Tbk', 805),
(803, '2016BB12LN005719', '7b9edb208ef885bf2d5b6f41417d445f', NULL, NULL, '117.102.93.162', NULL, '2017-01-24 14:47:34', 'PT Panin Sekuritas Tbk', 805),
(804, '2016BB12LN005720', 'b91e778af6a83a6e314686160de4c319', NULL, NULL, '117.102.93.162', NULL, '2017-01-24 14:47:43', 'PT Wanteg Securindo', 805),
(805, '2016BB12LN005721', '7e539f4c6ab8c1fd677994cab214b7ad', NULL, NULL, '117.102.93.162', NULL, '2017-01-24 14:47:53', 'PT Inti  Fikasa Securindo', 805),
(806, '2016BB12LN005722', '496661a82e15391c5a24948097fb6fcc', NULL, NULL, '117.102.93.162', NULL, '2017-01-24 14:48:07', 'PT HSBC Securities Indonesia', 805),
(807, '2016BB12LN005723', '5cf0cebfd83c655fda590eed2060e29e', NULL, NULL, '117.102.93.162', NULL, '2017-01-24 14:48:15', 'PT Nusantara Capital Securities', 805),
(808, '2016BB12LN005693', 'b18ea6d5af50dbea84a416e7aab5d13a', NULL, NULL, '117.102.93.162', NULL, '2017-01-24 14:48:26', 'PT Prime Capital Securities', 805),
(809, '2016BB12LN005682', '7e4d8e372f475e76d8bf97e1e9b9a1b9', NULL, NULL, '117.102.93.162', NULL, '2017-01-24 14:48:35', 'PT Artha Sekuritas Indonesia', 805),
(810, '2016BB12LN005724', 'aceb2a92a837f5940af9f7adbe874e6d', NULL, NULL, '117.102.93.162', NULL, '2017-01-24 14:48:46', 'PT CIMB Securities Indonesia', 805),
(811, '2016BB12LN005725', '3545d94c649e6cf185f7859c8c6ceb89', NULL, NULL, '117.102.93.162', NULL, '2017-01-24 14:48:57', 'PT CIMB-Principal Asset Management', 805),
(812, '2016BB12LN005726', 'b0931a1ac12b0b878f8a7b633960cda5', NULL, NULL, '117.102.93.162', NULL, '2017-01-24 14:49:06', 'PT Net Sekuritas', 805),
(813, '2016BB12LN005727', '232f74ced2a2d90bdd93a5468b498cfd', NULL, NULL, '117.102.93.162', NULL, '2017-01-24 14:49:16', 'PT Danasakti Securities', 805),
(814, '2016BB12LN005728', '00639f3d4668f763eebcd41605416e22', NULL, NULL, '117.102.93.162', NULL, '2017-01-24 14:49:25', 'PT Investindo Nusantara Sekuritas', 805),
(815, '2016BB12LN005729', '442076c9de6c47e0cfc63a96f13bf2ce', NULL, NULL, '117.102.93.162', NULL, '2017-01-24 14:49:35', 'PT Bahana Securities', 805),
(816, '2016BB12LN005730', 'fd282e621d82907f8cfe8f966f7a6b90', NULL, NULL, '117.102.93.162', NULL, '2017-01-24 14:49:46', 'PT Samuel Sekuritas Indonesia', 805),
(817, '2016BB12LN005731', 'c72ce953ebe9bcf2cc831fb7bf3fbeb5', NULL, NULL, '117.102.93.162', NULL, '2017-01-24 14:49:58', 'PT Danpac Sekuritas', 805),
(818, '2016BB12LN005732', '6cc4fc85d261c18d154fd45b453349f3', NULL, NULL, '117.102.93.162', NULL, '2017-01-24 14:50:08', 'PT Paramitra Alfa Sekuritas', 805),
(819, '2016BB12LN005733', '6fab2a559f3f24aafea3f5733cca21de', NULL, NULL, '117.102.93.162', NULL, '2017-01-24 14:50:18', 'PT BCA Sekuritas', 805),
(820, '2016BB12LN005734', '11d2fd3aae6dc709e396f3f8cb0cfca1', NULL, NULL, '117.102.93.162', NULL, '2017-01-24 14:50:29', 'PT Harita Kencana Securities', 805),
(821, '2016BB12LN005735', 'ba3afa6d30c63e057a7169af96638589', NULL, NULL, '117.102.93.162', NULL, '2017-01-24 14:50:38', 'PT Supra Securinvest', 805),
(823, '2016BB12LN005736', 'f263044dec8d08d6cb1bdd4e30e190f4', NULL, NULL, '117.102.93.162', NULL, '2017-01-24 14:53:55', 'PT Dhanawibawa Arthacemerlang', 805),
(824, '2016BB12LN005737', '941c40b581698d1949e5196561e3686f', NULL, NULL, '117.102.93.162', NULL, '2017-01-24 14:54:06', 'PT Indomitra Securities', 805),
(825, '2016BB12LN005738', '1bc46226d4175af1dc9d40c4d0e5042f', NULL, NULL, '117.102.93.162', NULL, '2017-01-24 14:54:16', 'PT NH Korindo Securities Indonesia', 805),
(826, '2016BB12LN005739', '4d34de8894b9e8d77e6244c4c52b82bc', NULL, NULL, '117.102.93.162', NULL, '2017-01-24 14:54:26', 'PT Anugerah Securindo Indah', 805),
(827, '2016BB12LN005740', '0599906032efe83d4bd391900413b237', NULL, NULL, '117.102.93.162', NULL, '2017-01-24 14:55:23', 'PT Jasa Utama Capital', 805),
(828, '2016BB12LN005741', '56c984d95fc89f1db1df909f24c2555a', NULL, NULL, '117.102.93.162', NULL, '2017-01-24 14:55:33', 'PT Magenta Kapital Indonesia', 805),
(829, '2016BB12LN005742', 'f0f67734473af5dcebadae0a312d2797', NULL, NULL, '117.102.93.162', NULL, '2017-01-24 14:55:42', 'PT Masindo Artha Securities', 805),
(830, '2016BB12LN005751', '414ed8758979e50679ee4317e354b4b4', NULL, NULL, '117.102.93.162', NULL, '2017-01-24 14:55:51', 'PT Bosowa Sekuritas', 805),
(831, '2016BB12LN005690', '51718aee24c806766f1755fff2544394', NULL, NULL, '117.102.93.162', NULL, '2017-01-24 14:56:00', 'PT Semesta Indovest', 805),
(832, '2015BB12LN004844', '8334a7d58e252e92a2284cb4786f40c3', NULL, NULL, '117.102.93.162', NULL, '2017-01-24 14:56:09', 'PT OCBC Sekuritas', 805),
(833, '2015BB12LN004888', 'aa13410f0035d385f7683ea945541747', NULL, NULL, '117.102.93.162', NULL, '2017-01-24 14:56:19', 'PT BNC Sekuritas Indonesia', 805),
(834, '2015BB12LN004921', '21a064d00d83e5b812cf50ad5a8b0841', NULL, NULL, '117.102.93.162', NULL, '2017-01-24 14:56:29', 'PT Inovasi Utama Sekurindo', 805),
(835, '2017BB12LN008615', '4182a1f3d7a68d2886a88ddb513902b2', NULL, NULL, '117.102.93.162', NULL, '2017-01-24 14:56:38', 'PT Pratama Capital Indonesia', 805),
(836, '2017BB12LN008616', 'ae2fe94c529a64619c040eb7cfb343c6', NULL, NULL, '117.102.93.162', NULL, '2017-01-24 14:56:52', 'PT Bumiputera Sekuritas', 805),
(837, '2017BB12LN008617', 'b844ea5747a93e47a24fd314ed505b43', NULL, NULL, '117.102.93.162', NULL, '2017-01-24 14:57:01', 'PT Danatama Makmur', 805),
(838, '2017BB12LN008618', '67bb5eb0d186dd9622faa10f04f2d9fa', NULL, NULL, '117.102.93.162', NULL, '2017-01-24 14:57:11', 'PT Bank QNB Indonesia Tbk', 805),
(839, '2017BB12LN008619', '7120f2e83e643c549c33d02265ea8ea5', NULL, NULL, '117.102.93.162', NULL, '2017-01-24 14:57:20', 'PT Indonesian Capital Market', 805),
(840, '2017BB12LN008621', '24264cf01672232b720941a81793301c', NULL, NULL, '117.102.93.162', NULL, '2017-01-24 14:57:32', 'PT Bursa Efek Indonesia', 805),
(841, '2017BB12LN008622', '7936ed65ee24f3748364ebbbd6b2dbe0', NULL, NULL, '117.102.93.162', NULL, '2017-01-24 14:57:47', 'PT Bursa Efek Indonesia', 805),
(842, '2017BB12LN008623', '1675c2612c62e382c3dc8b62c91d7f63', NULL, NULL, '117.102.93.162', NULL, '2017-01-24 14:58:04', 'PT Bursa Efek Indonesia', 805),
(843, '2017BB12LN008624', 'b613b9e7b5fbe4cdcb079ed11eee3c4a', NULL, NULL, '117.102.93.162', NULL, '2017-01-24 14:58:24', 'PT Bursa Efek Indonesia', 805),
(844, '2017BB12LN008625', 'b3a87b1e0618652d900904037b22b072', NULL, NULL, '117.102.93.162', NULL, '2017-01-24 14:58:35', 'PT Bursa Efek Indonesia', 805),
(845, '2017BB12LN008626', 'd7de031ea009ff7e542af26168abf8d1', NULL, NULL, '117.102.93.162', NULL, '2017-01-24 14:58:44', 'PT Bursa Efek Indonesia', 805),
(846, '2017BB12LN008627', '44bf3dd71ed34493d6ebf8ef76ca4cc7', NULL, NULL, '117.102.93.162', NULL, '2017-01-24 14:58:54', 'PT Bursa Efek Indonesia', 805),
(847, '2017BB12LN008628', 'd1d8e7795f6788f1cd42e8bb72bfad34', NULL, NULL, '117.102.93.162', NULL, '2017-01-24 14:59:03', 'PT Bursa Efek Indonesia', 805),
(848, '2017BB12LN008629', 'dadddc963866825e84e2e7fe0cbe939b', NULL, NULL, '117.102.93.162', NULL, '2017-01-24 14:59:12', 'PT Bursa Efek Indonesia', 805),
(849, '2017BB12LN008630', 'a657a72083dcd3de027be0d1d44fab73', NULL, NULL, '117.102.93.162', NULL, '2017-01-24 14:59:23', 'PT Bursa Efek Indonesia', 805),
(850, '2017BB12LN008631', 'c46023ef5ad99457a23f912ca4828dad', NULL, NULL, '117.102.93.162', NULL, '2017-01-24 14:59:31', 'PT Bursa Efek Indonesia', 805),
(851, '2017BB12LN008632', 'e3a18d99d28a49eb2e2024ef1c1c705a', NULL, NULL, '117.102.93.162', NULL, '2017-01-24 14:59:41', 'PT Bursa Efek Indonesia', 805),
(852, '2017BB12LN008633', 'c2caf585e50c16647303c6c06b2de390', NULL, NULL, '117.102.93.162', NULL, '2017-01-24 14:59:50', 'PT Bursa Efek Indonesia', 805),
(853, '2017BB12LN008634', '6a71a8c08589cfea10f843ec514379cd', NULL, NULL, '117.102.93.162', NULL, '2017-01-24 15:00:06', 'PT Bursa Efek Indonesia', 805),
(854, '2017BB12LN008635', '9f53f0c3c9ff342c2292aeac7f77978c', NULL, NULL, '117.102.93.162', NULL, '2017-01-24 15:00:17', 'PT Bursa Efek Indonesia', 805),
(855, '2017BB12LN008636', 'e12829118e319824b341adb22899f7fc', NULL, NULL, '117.102.93.162', NULL, '2017-01-24 15:00:29', 'PT Bursa Efek Indonesia', 805),
(856, '2017BB12LN008637', 'e317894fec8a0553920e4c57a8a5595b', NULL, NULL, '117.102.93.162', NULL, '2017-01-24 15:00:37', 'PT Bursa Efek Indonesia', 805),
(857, '2017BB12LN008639', '3ea15d8b09a32865b69c8bd3f52b0876', NULL, NULL, '117.102.93.162', NULL, '2017-01-24 15:00:47', 'PT Bursa Efek Indonesia', 805),
(858, '2017BB12LN008640', 'd57467faa5ee8cf6850e4c01267a208c', NULL, NULL, '117.102.93.162', NULL, '2017-01-24 15:00:56', 'PT Bursa Efek Indonesia', 805),
(859, '2017BB12LN008641', '8d4ee46f38c2dc7cd306285cf89d3fb8', NULL, NULL, '117.102.93.162', NULL, '2017-01-24 15:01:06', 'PT Bursa Efek Indonesia', 805),
(860, '2017BB12LN008642', 'ff5a02d65581351bf95a8e5befcd8f84', NULL, NULL, '117.102.93.162', NULL, '2017-01-24 15:01:15', 'PT Bursa Efek Indonesia', 805),
(861, '2017BB12LN008643', 'e23eacbf95d077afb7ee167d19a627d5', NULL, NULL, '117.102.93.162', NULL, '2017-01-24 15:01:25', 'PT Bursa Efek Indonesia', 805),
(862, '2017BB12LN008644', '527bd4afa7e5a7aa9e7004eb227f2a36', NULL, NULL, '117.102.93.162', NULL, '2017-01-24 15:01:34', 'PT Bursa Efek Indonesia', 805),
(863, '2017BB12LN008645', '125674a42aaa6f0a63e9591d57cae3a6', NULL, NULL, '117.102.93.162', NULL, '2017-01-24 15:01:44', 'PT Bursa Efek Indonesia', 805),
(864, '2017BB12LN008646', '2efd827045d39b528ac574a57e2f0aab', NULL, NULL, '117.102.93.162', NULL, '2017-01-24 15:01:53', 'PT Bursa Efek Indonesia', 805),
(865, '2017BB12LN008647', '5175c75a6bda99af7156acee72963efa', NULL, NULL, '117.102.93.162', NULL, '2017-01-24 15:02:08', 'PT Kustodian Sentral Efek Indonesia', 805),
(866, '2017BB12LN008648', '613e6c0ba8e465274c52930f527cd3d2', NULL, NULL, '117.102.93.162', NULL, '2017-01-24 15:02:17', 'PT Kustodian Sentral Efek Indonesia', 805),
(867, '2017BB12LN008649', 'a12eab05773265d4e996d565509dcaae', NULL, NULL, '117.102.93.162', NULL, '2017-01-24 15:02:27', 'PT Kustodian Sentral Efek Indonesia', 805),
(868, '2017BB12LN008650', '74a5e1961360af974eb471b8c1bb3f4d', NULL, NULL, '117.102.93.162', NULL, '2017-01-24 15:02:36', 'PT Kustodian Sentral Efek Indonesia', 805),
(869, '2017BB12LN008651', '1f0edbe1625a2fce823d1737b3292d92', NULL, NULL, '117.102.93.162', NULL, '2017-01-24 15:02:46', 'PT Kustodian Sentral Efek Indonesia', 805),
(870, '2017BB12LN008652', 'e44374a41ac1b9841da525b33d80780b', NULL, NULL, '117.102.93.162', NULL, '2017-01-24 15:02:55', 'PT Kustodian Sentral Efek Indonesia', 805),
(871, '2017BB12LN008653', 'b7ea9e2f26aae48f10be04bac6ca7812', NULL, NULL, '117.102.93.162', NULL, '2017-01-24 15:03:04', 'PT Kustodian Sentral Efek Indonesia', 805),
(872, '2017BB12LN008654', 'a4a2093d9e5716aa634756d2b59b7f29', NULL, NULL, '117.102.93.162', NULL, '2017-01-24 15:03:14', 'PT Kustodian Sentral Efek Indonesia', 805),
(873, '2017BB12LN008655', '685b6623f62569ea7f7445a7e4e94996', NULL, NULL, '117.102.93.162', NULL, '2017-01-24 15:03:24', 'PT Kustodian Sentral Efek Indonesia', 805),
(874, '2017BB12LN008656', 'e5ebbb47e2cd1a139cfa48acb8ec4363', NULL, NULL, '117.102.93.162', NULL, '2017-01-24 15:03:36', 'PT Kustodian Sentral Efek Indonesia', 805),
(875, '2017BB12LN008657', 'b2fd3ff64addeee1a6478b12ebb363f2', NULL, NULL, '117.102.93.162', NULL, '2017-01-24 15:03:47', 'PT Kustodian Sentral Efek Indonesia', 805),
(876, '2017BB12LN008658', '1397709e5e4b20eb0e60ee9ce179e3e3', NULL, NULL, '117.102.93.162', NULL, '2017-01-24 15:03:56', 'PT Kustodian Sentral Efek Indonesia', 805),
(877, '2017BB12LN008659', '2b07b48a97fee10d3b83a1005c3172db', NULL, NULL, '117.102.93.162', NULL, '2017-01-24 15:04:06', 'PT Kustodian Sentral Efek Indonesia', 805),
(878, '2017BB12LN008660', '3733230c7492f89a94700b675fb23aad', NULL, NULL, '117.102.93.162', NULL, '2017-01-24 15:04:18', 'PT Kustodian Sentral Efek Indonesia', 805),
(879, '2017BB12LN008661', 'c979785db41ec47e349fd2903415fb26', NULL, NULL, '117.102.93.162', NULL, '2017-01-24 15:04:32', 'PT Kustodian Sentral Efek Indonesia', 805),
(880, '2017BB12LN008662', 'c955b65f88e34318b852683d70492623', NULL, NULL, '117.102.93.162', NULL, '2017-01-24 15:04:41', 'PT Kustodian Sentral Efek Indonesia', 805),
(881, '2017BB12LN008663', 'a9d76fd680453ca186d4523839e31244', NULL, NULL, '117.102.93.162', NULL, '2017-01-24 15:04:50', 'PT Kustodian Sentral Efek Indonesia', 805),
(882, '2017BB12LN008664', '930792bf052dafd79f1178b2801512c7', NULL, NULL, '117.102.93.162', NULL, '2017-01-24 15:05:06', 'PT Kustodian Sentral Efek Indonesia', 805),
(883, '2017BB12LN008665', '6b7188d635e6280c442514a0821bbe3f', NULL, NULL, '117.102.93.162', NULL, '2017-01-24 15:05:17', 'PT Kustodian Sentral Efek Indonesia', 805),
(884, '2017BB12LN008666', '7e2dd14a055f4ec07a62da148ee76888', NULL, NULL, '117.102.93.162', NULL, '2017-01-24 15:05:26', 'PT Kustodian Sentral Efek Indonesia', 805),
(885, '2017BB12LN008667', '6da39dfe87bc27d3376b67757a0cd20b', NULL, NULL, '117.102.93.162', NULL, '2017-01-24 15:05:40', 'PT Kustodian Sentral Efek Indonesia', 805),
(886, '2017BB12LN008668', '5f3e73b8445dfea8e347ca0c547b5c62', NULL, NULL, '117.102.93.162', NULL, '2017-01-24 15:05:50', 'PT Kustodian Sentral Efek Indonesia', 805),
(887, '2017BB12LN008669', 'cc7ced61c1a5d7a7bab6467941dcfc8e', NULL, NULL, '117.102.93.162', NULL, '2017-01-24 15:06:01', 'PT Kustodian Sentral Efek Indonesia', 805),
(888, '2017BB12LN008670', '328600ed0d8b25af85eff4a1ac8f017d', NULL, NULL, '117.102.93.162', NULL, '2017-01-24 15:06:11', 'PT Kustodian Sentral Efek Indonesia', 805),
(889, '2017BB12LN008671', '15857d8ad68fe1b7999f0db29e5ec085', NULL, NULL, '117.102.93.162', NULL, '2017-01-24 15:06:21', 'PT Kustodian Sentral Efek Indonesia', 805),
(890, '2017BB12LN008672', 'd5ec916917739e1aede8a1a92d476115', NULL, NULL, '117.102.93.162', NULL, '2017-01-24 15:06:32', 'PT Kustodian Sentral Efek Indonesia', 805),
(891, '2017BB12LN008673', 'f1ed7eaa39b6f925922a445e25f46cd1', NULL, NULL, '117.102.93.162', NULL, '2017-01-24 15:06:42', 'PT Kustodian Sentral Efek Indonesia', 805),
(892, '2017BB12LN008674', 'bcd15863dd78252220dbdf2c6f347984', NULL, NULL, '117.102.93.162', NULL, '2017-01-24 15:06:53', 'PT Kustodian Sentral Efek Indonesia', 805),
(893, '2015BB12LN004671', '1c32578d9c10daed6e591d3deb85b7eb', NULL, NULL, '115.178.209.170', NULL, '2017-01-25 08:53:41', 'TANGERANG', 248),
(902, '2016BB12LN005691', '41c29d06589068deb9c7d636db57a821', NULL, NULL, '36.79.176.110', NULL, '2017-01-26 05:10:20', 'BPRKS Malabar', 783),
(907, '2015BB1200000714', 'b7685b0ab3281d0aff1690e149c87619', NULL, NULL, '36.79.176.110', NULL, '2017-01-26 07:06:02', 'BPRKS', 783),
(914, '2015BB12LN004679', 'f3351a6bb6385fb0e61c26aa53f42646', NULL, NULL, '115.178.200.178', NULL, '2017-01-27 06:52:11', 'BUMI SERPONG DAMAI', 248),
(915, '2015BB12LN004622', '245c7f4bd32c1b9c397b36afcde801a0', NULL, NULL, '115.178.209.60', NULL, '2017-01-31 07:05:39', 'KCK', 248),
(916, '2015bb12ln004623', '2746a261ab6a3ed33b1b81ce3f01fba0', NULL, NULL, '114.121.237.152', NULL, '2017-02-07 04:24:17', 'BINTARO EXCHANGE', 248),
(917, '2016BB12LN004970', '589cf38b9e13efe9139d4d16970f7ec1', NULL, NULL, '103.230.100.234', NULL, '2017-02-20 06:18:08', 'DISDUKCAPIL KOTA SALATIGA', 806),
(918, '2016BB12LN005020', 'fd85ee4fa876fb8461d6225c3eb330f2', NULL, NULL, '103.230.100.234', NULL, '2017-02-20 07:27:49', 'KECAMATAN SIDOMUKTI', 806),
(919, '2016BB12LN005014', 'e7d6e7892405446d129a589493c2d80c', NULL, NULL, '103.230.100.234', NULL, '2017-02-20 07:29:44', 'KECAMATAN SIDOREJO', 806),
(920, '2016BB12LN004937', '2df020e25b7acb08868014d7d63af444', NULL, NULL, '103.230.100.234', NULL, '2017-02-20 07:30:36', 'KECAMATAN TINGKIR', 806),
(921, '2016BB12LN005026', '0667bc5267faadde8c648204106f0429', NULL, NULL, '103.230.100.234', NULL, '2017-02-20 07:31:00', 'KECAMATAN ARGOMULYO', 806),
(922, '2015BB12LN004937', '0490ecc167bf6c8851fe5d47bc9b8983', NULL, NULL, '103.230.100.234', NULL, '2017-02-20 07:47:16', 'KECAMATAN TINGKIR', 806),
(923, '2015BB12LN004632', '5f8a5084cc34a9c49abec7c7ed76959c', NULL, NULL, '114.121.135.24', NULL, '2017-02-28 04:09:47', 'GANDARIA CITY JAKARTA', 248),
(924, '2015BB12LN004673', '0cc251bc37afd16ddc407114656b40b0', NULL, NULL, '112.215.65.96', NULL, '2017-02-28 07:35:02', 'KOTA CASABLANKA', 248),
(930, '2015BB12LN004635', '937577de22bbc32a78fe2084131e3d14', NULL, NULL, '114.120.238.74', NULL, '2017-03-01 04:39:03', 'KK MARGO CITY MALL', 248),
(956, '2015BB1200000718', 'a08e7d85a7d40e6d2a4bb6eb3d38f0de', NULL, NULL, '36.79.176.110', NULL, '2017-03-06 02:17:47', 'BPR KS Pusat', 783),
(957, '2015BB1200000686', 'a8a50ac204c4cbc968809b1445c9e42e', NULL, NULL, '36.79.176.110', NULL, '2017-03-06 04:44:31', 'BPR KS Pusat', 783),
(958, '2015BB1200000514', 'bdb9c6cd1d844ec6f56e5e44057c4ca6', NULL, NULL, '36.79.176.110', NULL, '2017-03-06 04:47:59', 'BPR KS PUSAT', 783),
(959, '2015BB1200000688', 'ca32c5fa4bf11ab9d21a891f85c34fd4', NULL, NULL, '36.79.176.110', NULL, '2017-03-06 04:53:42', 'BPR KS MALABAR', 783),
(960, '2015BB1200000540', 'bec35775c6b9d863b6d1c8797b35969f', NULL, NULL, '36.79.176.110', NULL, '2017-03-06 04:57:22', 'BPR KS MALABAR', 783),
(961, '2015BB1200000449', '87d157a4020351dc2af0f7f52e30ee45', NULL, NULL, '36.79.176.110', NULL, '2017-03-06 04:58:59', 'BPR KS MALABAR', 783),
(962, '2015BB1200000414', '00fe1e79c3035bdc1de1e8a4d7c9a0be', NULL, NULL, '36.79.176.110', NULL, '2017-03-06 06:50:54', 'BPR KS Cianjur', 783),
(963, '2015BB1200000702', 'e9a5071207b604040cd7ac5123dab7ba', NULL, NULL, '36.79.176.110', NULL, '2017-03-06 06:52:54', 'BPR KS Cianjur', 783),
(964, '2015BB1200000419', 'b92ad9b6607deb8704f0786262ae0cca', NULL, NULL, '36.79.176.110', NULL, '2017-03-06 06:54:47', 'BPR KS Cianjur', 783),
(965, '2015BB1200000667', '7a64b0fdb6ff0d5515e49b06221a166a', NULL, NULL, '36.79.176.110', NULL, '2017-03-06 06:58:37', 'BPRKS SUMEDANG', 783),
(966, '2015BB1200000379', 'd8ec08423ba8abb75bffec13752b89ed', NULL, NULL, '36.79.176.110', NULL, '2017-03-06 07:00:56', 'BPRKS SUMEDANG', 783),
(967, '2015BB1200000413', 'd315c7663795ef2d70166a3aba000000', NULL, NULL, '36.79.176.110', NULL, '2017-03-06 07:02:59', 'BPRKS SUMEDANG', 783),
(968, '2015BB1200000700', '949f94015fc995cb06cb39c893d260c6', NULL, NULL, '36.79.176.110', NULL, '2017-03-06 07:06:40', 'BPR KS Garut', 783),
(969, '2015BB1200000703', 'b3f59be22beda67c4c485691d591fee3', NULL, NULL, '36.79.176.110', NULL, '2017-03-06 07:10:03', 'BPR KS Garut', 783),
(970, '2015BB1200000695', '49975140aed954ff95444ba5c797c2c1', NULL, NULL, '36.79.176.110', NULL, '2017-03-06 07:11:46', 'BPR KS Garut', 783),
(971, '2015BB1200000422', '16e730267352c412963a07fe44945361', NULL, NULL, '36.79.176.110', NULL, '2017-03-06 07:13:48', 'BPRKS TASIKMALAYA', 783),
(972, '2015BB1200000708', '746f95213e46e365f2724ebd53e0b337', NULL, NULL, '36.79.176.110', NULL, '2017-03-06 07:16:42', 'BPRKS TASIKMALAYA', 783),
(973, '2015BB1200000653', '07e96665cb06389af3b9e3cff8ca50a7', NULL, NULL, '36.79.176.110', NULL, '2017-03-06 07:18:14', 'BPRKS TASIKMALAYA', 783),
(976, '2015BB1200000564', '75067cca00c000f62a7bd922f901d1d6', NULL, NULL, '180.250.16.98', NULL, '2017-03-06 09:20:31', 'Dinas Dukcapil  Kab Lebak', 807),
(977, '2015BB1200000501', 'a2886d0b080075939ed04e7ee396f750', NULL, NULL, '180.250.16.98', NULL, '2017-03-06 11:04:30', 'Dinas Dukcapil  Kab Lebak', 807),
(978, '2015BB1200000509', '79e572bebfc79f362b81aecd6c2b114d', NULL, NULL, '36.79.176.110', NULL, '2017-03-07 04:02:02', 'BPRKS TASIKMALAYA', 783),
(979, '2015BB1200000607', '63e7cdab57fc72867fa4a88392112829', NULL, NULL, '36.79.176.110', NULL, '2017-03-07 04:14:32', 'BPRKS TUPAREV', 783),
(980, '2015BB1200000672', '11367b22f902811c9328225fa3db3bef', NULL, NULL, '36.79.176.110', NULL, '2017-03-07 04:37:06', 'BPRKS TUPAREV', 783),
(981, '2015BB1200000464', '56cede1db0477838e9eb5630bc15e754', NULL, NULL, '36.79.176.110', NULL, '2017-03-07 04:42:59', 'BPRKS TUPAREV', 783),
(992, '2015BB1200000454', '7fd75328c66430cbf2274547489d8f1a', NULL, NULL, '36.79.176.110', NULL, '2017-03-07 05:01:32', 'BPRKS TUPAREV', 783),
(993, '2015BB1200000459', '4b255ff4d34c13b34a2d9a5580065357', NULL, NULL, '36.79.176.110', NULL, '2017-03-07 06:35:42', 'BPRKS SILIWANGI', 783),
(994, '2015BB1200000465', '3bfd87c999a3bec81af0dbd45ca6b860', NULL, NULL, '36.79.176.110', NULL, '2017-03-07 06:39:32', 'BPRKS SILIWANGI', 783),
(999, '2015BB1200000443', '95e2b1ea8bac8d836062b73840f80420', NULL, NULL, '36.79.176.110', NULL, '2017-03-07 06:49:30', 'BPRKS SILIWANGI', 783),
(1003, '2015BB1200000479', 'b887b2e480adced3371ee0a276926913', NULL, NULL, '36.79.176.110', NULL, '2017-03-07 07:00:56', 'BPRKS JATIBARANG', 783),
(1004, '2015BB1200000466', '47709b9c6dc32c57dcec5f320d7c4ea4', NULL, NULL, '36.79.176.110', NULL, '2017-03-07 07:02:52', 'BPRKS JATIBARANG', 783),
(1005, '2015BB1200000691', '5604ac5697c8974d27c19d4adacd0ed4', NULL, NULL, '36.79.176.110', NULL, '2017-03-07 07:07:08', 'BPRKS JATIBARANG', 783),
(1006, '2015BB1200000720', '21c0985c4ee693364342bf218372039f', NULL, NULL, '36.79.176.110', NULL, '2017-03-07 07:10:31', 'BPRKS KADIPATEN', 783),
(1007, '2015BB1200000368', '6048bf8d83c41bbe4383e956c1da859c', NULL, NULL, '36.79.176.110', NULL, '2017-03-07 07:12:40', 'BPRKS KADIPATEN', 783),
(1008, '2015BB1200000551', '5ed6ff448d3e5247111ad43bf59b32eb', NULL, NULL, '36.79.176.110', NULL, '2017-03-07 07:18:01', 'BPRKS KADIPATEN', 783),
(1009, '2015BB1200000366', '9bbefb2350042f5cf803a6790eff3ce0', NULL, NULL, '36.79.176.110', NULL, '2017-03-07 07:19:56', 'BPR KS DAGO', 783),
(1010, '2015BB1200000455', 'ed45e01cb180f3d7beb48bf7ff1ff49e', NULL, NULL, '36.79.176.110', NULL, '2017-03-07 07:21:35', 'BPR KS DAGO', 783),
(1011, '2015BB1200000468', '237258a6afb01965cd8f84f8c4dbc43a', NULL, NULL, '36.79.176.110', NULL, '2017-03-07 07:24:28', 'BPR KS DAGO', 783),
(1012, '2015BB1200000363', '8ab85b8baf1a5a6ad1d7797bb22f31db', NULL, NULL, '36.79.176.110', NULL, '2017-03-07 07:26:17', 'BPRKS KOPO', 783),
(1013, '2015BB1200000377', '24763c47987fed533ed984d9d75b4a34', NULL, NULL, '36.79.176.110', NULL, '2017-03-07 07:28:00', 'BPRKS KOPO', 783),
(1014, '2015BB1200000660', '9584ffa275844000ae9630fb58944a88', NULL, NULL, '36.79.176.110', NULL, '2017-03-07 07:33:58', 'BPRKS KOPO', 783),
(1015, '2015BB1200000427', '62c653c8e79a203e6dc02ef9bcc39e51', NULL, NULL, '36.79.176.110', NULL, '2017-03-07 07:35:45', 'BPRKS MERDEKA', 783),
(1016, '2015BB1200000383', '9668d07042b237885a716a56dcaf6896', NULL, NULL, '36.79.176.110', NULL, '2017-03-07 07:37:21', 'BPRKS MERDEKA', 783),
(1017, '2015BB1200000556', '2adf5527a71698bb3d2b14d3fe1f0fb1', NULL, NULL, '36.79.176.110', NULL, '2017-03-07 07:39:59', 'BPRKS MERDEKA', 783),
(1018, '2015BB1200000506', 'a096d05229b5e68aa613a13a001b4d25', NULL, NULL, '36.79.176.110', NULL, '2017-03-07 07:41:48', 'BPRKS RANCAEKEK', 783),
(1019, '2015BB1200000655', 'a5414ba7d02e65a7e618648097212376', NULL, NULL, '36.79.176.110', NULL, '2017-03-07 07:43:47', 'BPRKS RANCAEKEK', 783),
(1020, '2015BB1200000548', 'a0f98ea674c6cef4a7b977cc0fdbd77f', NULL, NULL, '36.79.176.110', NULL, '2017-03-07 07:44:58', 'BPRKS RANCAEKEK', 783),
(1021, '2015BB1200000597', '9788660d7b25df32f00e9e5c8173b9b6', NULL, NULL, '36.79.176.110', NULL, '2017-03-07 07:48:27', 'BPRKS Leuwi Panjang', 783),
(1022, '2015BB1200000420', 'ba7086d5815a7dc104b4ac3fdc7811eb', NULL, NULL, '36.79.176.110', NULL, '2017-03-07 07:51:24', 'BPRKS Leuwi Panjang', 783),
(1023, '2015BB1200000387', '40d15cd0a56d05747212b3939b33cf1c', NULL, NULL, '36.79.176.110', NULL, '2017-03-07 07:53:06', 'BPRKS Leuwi Panjang', 783),
(1024, '2015BB1200000571', '06287c7ebe4648fb4421ad6e92f0692d', NULL, NULL, '36.79.176.110', NULL, '2017-03-07 07:54:57', 'BPRKS KIARACONDONG', 783),
(1025, '2015BB1200000426', 'e21f8e30e8fd64202e175199cb8bc7f8', NULL, NULL, '36.79.176.110', NULL, '2017-03-07 07:59:58', 'BPRKS KIARACONDONG', 783),
(1026, '2015BB1200000715', '9c69ecf7681c76c36d7e042032a7cfd6', NULL, NULL, '36.79.176.110', NULL, '2017-03-07 08:01:38', 'BPRKS KIARACONDONG', 783),
(1027, '2015BB1200000679', '33b9fc3d6a7316fc836edaa56e321a0a', NULL, NULL, '36.79.176.110', NULL, '2017-03-07 08:04:38', 'BPR KS Setiabudi', 783),
(1028, '2015BB1200000668', 'f237859fe07addc0cec2b071643b12eb', NULL, NULL, '36.79.176.110', NULL, '2017-03-07 08:07:08', 'BPR KS Setiabudi', 783),
(1029, '2015BB1200000612', '4dd275e2ad1d9ecb7c3c3f99895178d0', NULL, NULL, '36.79.176.110', NULL, '2017-03-07 08:09:36', 'BPR KS Setiabudi', 783),
(1030, '2015BB1200000657', 'd65fd1266e182f0ddbe78a63d2a5a824', NULL, NULL, '36.79.176.110', NULL, '2017-03-07 08:10:52', 'BPRKS SUKABUMI', 783),
(1031, '2015BB1200000685', 'a41ddc611bb4cfade15511609938f646', NULL, NULL, '36.79.176.110', NULL, '2017-03-07 08:13:29', 'BPRKS SUKABUMI', 783),
(1032, '2015BB1200000706', '80382a86d7f2084d4b7c5a590ed643f4', NULL, NULL, '36.79.176.110', NULL, '2017-03-07 08:14:38', 'BPRKS SUKABUMI', 783),
(1037, '2015BB1200000733', '46e9ff82adb8cfd1a0928d037483187c', NULL, NULL, '36.79.176.110', NULL, '2017-03-09 02:22:58', 'BPRKS PURWAKARTA', 783),
(1038, '2015BB1200000403', '1ec0070bd96420fcbee7a498cc5a126b', NULL, NULL, '36.79.176.110', NULL, '2017-03-09 02:26:31', 'BPRKS PURWAKARTA', 783),
(1039, '2015BB1200000639', 'b97f548e2808e07d2d03c047dec6c4e8', NULL, NULL, '36.79.176.110', NULL, '2017-03-09 02:28:38', 'BPRKS PURWAKARTA', 783),
(1040, '2015BB1200000405', '3c64e7fd01dee48bcd49375d3c110910', NULL, NULL, '36.79.176.110', NULL, '2017-03-09 02:31:24', 'BPRKS KATAPANG', 783),
(1041, '2015BB1200000725', '5d4e1d5dafeb14d98fd5d904b51adf7f', NULL, NULL, '36.79.176.110', NULL, '2017-03-09 02:33:33', 'BPRKS KATAPANG', 783),
(1042, '2015BB1200000711', 'c295128fc8e93cdf9268dac4c8507e62', NULL, NULL, '36.79.176.110', NULL, '2017-03-09 02:34:49', 'BPRKS KATAPANG', 783),
(1043, '2015BB1200000389', 'c3faefa2a286c6968be9e66c0c111689', NULL, NULL, '36.79.176.110', NULL, '2017-03-09 02:37:21', 'BPRKS SUDIRMAN', 783),
(1044, '2015BB1200000409', 'c4ec1259aa5e4f736af3db9b71cb679c', NULL, NULL, '36.79.176.110', NULL, '2017-03-09 02:38:57', 'BPRKS SUDIRMAN', 783),
(1045, '2015BB1200000404', '31ded60e977986fc91240ffaf0e24122', NULL, NULL, '36.79.176.110', NULL, '2017-03-09 02:40:55', 'BPRKS SUDIRMAN', 783),
(1046, '2015BB1200000709', 'be157158bacbb2bd4a1f573bd6b255e9', NULL, NULL, '36.79.176.110', NULL, '2017-03-09 02:42:11', 'BPRKS BATUNUNGGAL', 783),
(1047, '2015BB1200000349', '455f1960775f515356afcb894af422b0', NULL, NULL, '36.79.176.110', NULL, '2017-03-09 02:44:19', 'BPRKS BATUNUNGGAL', 783),
(1048, '2015BB1200000692', '0da77328a2cf217cfc86e1b3169ead0b', NULL, NULL, '36.79.176.110', NULL, '2017-03-09 02:45:44', 'BPRKS BATUNUNGGAL', 783),
(1049, '2015BB1200000302', '89adabbc1e2907ced2d5cf3b077b4e56', NULL, NULL, '36.79.176.110', NULL, '2017-03-09 02:47:50', 'BPR KS Losari', 783),
(1050, '2015BB1200000359', '6f7c39759c7aeb115d1c456e9b2ac268', NULL, NULL, '36.79.176.110', NULL, '2017-03-09 02:50:01', 'BPR KS Losari', 783),
(1051, '2015BB1200000362', '765b26b8b16ac4235f90f173a47651b9', NULL, NULL, '36.79.176.110', NULL, '2017-03-09 02:51:59', 'BPR KS Losari', 783);
INSERT INTO `sam_license` (`id_sam_license`, `sam_id`, `license`, `nama_institusi`, `nama_user`, `ip_user`, `ip_proxy`, `tgl_buat`, `keterangan`, `id_user_license`) VALUES
(1052, '2015BB1200000356', '03cdec39809874aededefe4aea8c8adc', NULL, NULL, '36.79.176.110', NULL, '2017-03-09 02:54:10', 'BPR KS Losari', 783),
(1053, '2015BB1200000351', '2dd678a6b94ce6effa33b96adbc1cc47', NULL, NULL, '36.79.176.110', NULL, '2017-03-09 02:58:36', 'BPR KS Losari', 783),
(1054, '2015BB1200000393', '4a8996468333c502f885992d4482c1b5', NULL, NULL, '36.79.176.110', NULL, '2017-03-09 03:01:56', 'BPRKS PADALARANG', 783),
(1055, '2015BB1200000353', 'b7efc287614c3feb8be2514fbb3a69f9', NULL, NULL, '36.79.176.110', NULL, '2017-03-09 03:04:38', 'BPRKS PADALARANG', 783),
(1056, '2015BB1200000352', '542bc0b19efd12e6ea3510a8c913abf6', NULL, NULL, '36.79.176.110', NULL, '2017-03-09 03:05:40', 'BPRKS PADALARANG', 783),
(1057, '2015BB1200000505', 'e8a0c8249cd95c980d2bf6c6c97c0581', NULL, NULL, '36.79.176.110', NULL, '2017-03-09 03:07:30', 'BPRKS CIMAHI', 783),
(1058, '2015BB1200000502', '2c8345bc652d7c578b9a910736e2dc09', NULL, NULL, '36.79.176.110', NULL, '2017-03-09 03:09:07', 'BPRKS CIMAHI', 783),
(1059, '2015BB1200000673', '59cbce2ec0e4a58331791a27b33b3d4d', NULL, NULL, '36.79.176.110', NULL, '2017-03-09 03:10:26', 'BPRKS CIMAHI', 783),
(1060, '2015BB1200000486', 'cd396590cf0f71a74d83dce00940f759', NULL, NULL, '36.79.176.110', NULL, '2017-03-09 03:26:18', 'BPRKS CIMAHI', 783),
(1061, '2015BB1200000497', 'da9ec5a2346601906aa2320f42452fa4', NULL, NULL, '36.79.176.110', NULL, '2017-03-09 03:29:45', 'BPRKS RAMDHAN', 783),
(1062, '2015BB1200000396', '272c3943df1286d16cf4874a14680e8a', NULL, NULL, '36.79.176.110', NULL, '2017-03-09 03:31:34', 'BPRKS RAMDHAN', 783),
(1063, '2015BB1200000475', 'f18900f118a8a812cc5b86451cd51965', NULL, NULL, '36.79.176.110', NULL, '2017-03-09 03:33:20', 'BPRKS RAMDHAN', 783),
(1064, '2015BB1200000382', '66d3393bd4971fca99169060b9ce98ac', NULL, NULL, '36.79.176.110', NULL, '2017-03-09 03:34:59', 'BPRKS SUDIRMAN 2', 783),
(1065, '2015BB1200000641', 'c3407c35dd616e592ac12b691f7632d8', NULL, NULL, '36.79.176.110', NULL, '2017-03-09 03:41:14', 'BPRKS SUDIRMAN 2', 783),
(1066, '2015BB1200000735', '3d1f3681ba8239c8ae0039d64b2eaf5b', NULL, NULL, '36.79.176.110', NULL, '2017-03-09 03:44:19', 'BPRKS SUDIRMAN 2', 783),
(1067, '2015BB1200000626', '093378b4cc05fa6767e9764eeb6eb561', NULL, NULL, '36.79.176.110', NULL, '2017-03-09 03:54:14', 'BPRKS SUDIRMAN 2', 783),
(1068, '2015BB1200000400', 'c8629b9efed837c2040805194061690e', NULL, NULL, '36.79.176.110', NULL, '2017-03-09 03:57:40', 'BPRKS SUDIRMAN 2', 783),
(1069, '2015BB1200000628', 'd4bf31adcd2f316f41b18082f1f20313', NULL, NULL, '36.79.176.110', NULL, '2017-03-09 04:00:52', 'BPRKS BOJONGSOANG', 783),
(1070, '2015BB1200000484', 'f4d294729d24375a86577afc1a441c04', NULL, NULL, '36.79.176.110', NULL, '2017-03-09 04:03:51', 'BPRKS BOJONGSOANG', 783),
(1071, '2015BB1200000599', '6db798cce12d632d38868b05cc0c6b56', NULL, NULL, '36.79.176.110', NULL, '2017-03-09 04:06:00', 'BPRKS BOJONGSOANG', 783),
(1072, '2015BB1200000485', 'ebda3f84d622cbdcdea28f4f1173ed81', NULL, NULL, '36.79.176.110', NULL, '2017-03-09 04:07:44', 'BPRKS BOJONGSOANG', 783),
(1076, '2015BB1200000518', 'c9542f7251759ea022c62fc297f85a0f', NULL, NULL, '36.79.176.110', NULL, '2017-03-09 06:40:38', 'BPRKS', 783),
(1077, '2015BB1200000613', '6407a957d5bd0f93f839609e44adc360', NULL, NULL, '36.79.176.110', NULL, '2017-03-09 06:42:37', 'BPRKS', 783),
(1078, '2015BB1200000659', '2c2753840cfcb07ae4525c8b48ffdc7a', NULL, NULL, '36.79.176.110', NULL, '2017-03-09 06:43:48', 'BPRKS', 783),
(1079, '2015BB1200000463', 'deb009055b44fac51f3bcdf2e123cf7b', NULL, NULL, '36.79.176.110', NULL, '2017-03-09 06:45:01', 'BPRKS', 783),
(1080, '2015BB1200000729', '0b986768ce3fdb4f13b812e36fbf6118', NULL, NULL, '36.79.176.110', NULL, '2017-03-09 06:46:16', 'BPRKS', 783),
(1081, '2015BB1200000635', 'edb96143b2845c58b6e45406fd3ba7ec', NULL, NULL, '36.79.176.110', NULL, '2017-03-09 06:47:26', 'BPRKS', 783),
(1082, '2015BB1200000614', '0c7791d7b5a5311637361e9a1a621449', NULL, NULL, '36.79.176.110', NULL, '2017-03-09 06:48:38', 'BPRKS', 783),
(1083, '2015BB1200000550', '9359bc373240c2abdaf66647362978b0', NULL, NULL, '36.79.176.110', NULL, '2017-03-09 06:49:48', 'BPRKS', 783),
(1084, '2015BB1200000750', 'eb88b80056bc454db97fb9248b0a64f4', NULL, NULL, '36.79.176.110', NULL, '2017-03-09 06:51:49', 'BPRKS', 783),
(1085, '2015BB1200000754', 'a6e5915951741afb1812d53dd1fad3a2', NULL, NULL, '36.79.176.110', NULL, '2017-03-09 06:53:50', 'BPRKS', 783),
(1086, '2015BB1200000441', '9a83d560d61f61754fefeadd61233d7a', NULL, NULL, '36.79.176.110', NULL, '2017-03-09 06:56:05', 'BPRKS', 783),
(1087, '2015BB1200000575', '4fe9ec0a19e49aafa9a97c58a77cb748', NULL, NULL, '36.79.176.110', NULL, '2017-03-09 06:57:20', 'BPRKS', 783),
(1088, '2015BB1200000578', '6798f185dc32a134db7bf4ac8c88a2eb', NULL, NULL, '36.79.176.110', NULL, '2017-03-09 06:59:47', 'BPRKS', 783),
(1089, '2015BB1200000584', '79b061bd5d5cfa44fb9c47065c7ad004', NULL, NULL, '36.79.176.110', NULL, '2017-03-09 07:01:58', 'BPRKS', 783),
(1090, '2015BB1200000745', 'd1c33e2622e9e1dbda0b84f886478547', NULL, NULL, '36.79.176.110', NULL, '2017-03-09 07:05:21', 'BPRKS', 783),
(1091, '2015BB1200000744', '54090e70c8fac90a912c67574055fc7b', NULL, NULL, '36.79.176.110', NULL, '2017-03-09 07:06:51', 'BPRKS', 783),
(1092, '2015BB1200000563', '667ca06eeb47649df9f7c983608e2028', NULL, NULL, '36.79.176.110', NULL, '2017-03-09 07:08:45', 'BPRKS', 783),
(1093, '2015BB1200000740', '907cacc26ff07d315bbea7bcf69465a1', NULL, NULL, '36.79.176.110', NULL, '2017-03-09 07:10:33', 'BPRKS', 783),
(1094, '2015BB1200000522', '43c601b52cd565c776130655da327fb4', NULL, NULL, '36.79.176.110', NULL, '2017-03-09 07:12:13', 'BPRKS', 783),
(1095, '2015BB1200000565', '20a68f7eec1097416330fef3b328e4ad', NULL, NULL, '36.79.176.110', NULL, '2017-03-09 07:29:11', 'BPRKS', 783),
(1096, '2015BB1200000579', '187cb18bc70cf115f2f018001decfd86', NULL, NULL, '36.79.176.110', NULL, '2017-03-09 07:30:16', 'BPRKS', 783),
(1097, '2015BB1200000542', '3a16b9b27664acceae6a16c7d1c5184c', NULL, NULL, '36.79.176.110', NULL, '2017-03-09 07:31:30', 'BPRKS', 783),
(1098, '2015BB1200000537', '7b69e2489705aba706f5c2f29b6af3e9', NULL, NULL, '36.79.176.110', NULL, '2017-03-09 07:32:36', 'BPRKS', 783),
(1099, '2015BB1200000524', 'c2dcd8d90441bf682370a7a2c84c77a6', NULL, NULL, '36.79.176.110', NULL, '2017-03-09 07:34:51', 'BPRKS', 783),
(1100, '2015BB1200000759', 'dfd6e6f42a1b801b0d5bda21c7c77a97', NULL, NULL, '36.79.176.110', NULL, '2017-03-09 07:37:17', 'BPRKS', 783),
(1101, '2015BB1200000761', '676ddf1e8beba5cacdd3a67bfd5444ce', NULL, NULL, '36.79.176.110', NULL, '2017-03-09 07:38:48', 'BPRKS', 783),
(1102, '2015BB1200000756', '04bcec29d2ff4e03ef890890c1348e2f', NULL, NULL, '36.79.176.110', NULL, '2017-03-09 07:42:32', 'BPRKS', 783),
(1103, '2015BB1200000752', '754f477902657558ed9ba4e613ae9ef4', NULL, NULL, '36.79.176.110', NULL, '2017-03-09 07:43:57', 'BPRKS', 783),
(1104, '2015BB1200000738', '950de288d32518187be47a321878bb64', NULL, NULL, '36.79.176.110', NULL, '2017-03-09 07:45:10', 'BPRKS', 783),
(1105, '2015BB1200000582', '8fef27c39b498869ee39c0df0dee895b', NULL, NULL, '36.79.176.110', NULL, '2017-03-09 07:48:11', 'BPRKS', 783),
(1107, '2015BB1200000436', '2ba2f2a7e4414e9117641289d4dc2e32', NULL, NULL, '36.79.176.110', NULL, '2017-03-09 07:52:15', 'BPRKS', 783),
(1108, '2015BB1200000439', 'b89da0c6596af1a701bebf568f7f2082', NULL, NULL, '36.79.176.110', NULL, '2017-03-09 07:53:38', 'BPRKS', 783),
(1109, '2015BB1200000435', '2ab853e28b55cecf427a16fc5a669cf8', NULL, NULL, '36.79.176.110', NULL, '2017-03-09 07:55:12', 'BPRKS', 783),
(1110, '2015BB1200000437', '2c6d549b1cd7e42a79a5bb7fb4b2792e', NULL, NULL, '36.79.176.110', NULL, '2017-03-09 07:56:06', 'BPRKS', 783),
(1111, '2015BB1200000433', '3030a3d1444d783cc14ace4d56bae87a', NULL, NULL, '36.79.176.110', NULL, '2017-03-09 07:57:05', 'BPRKS', 783),
(1112, '2015BB1200000438', 'f46e5ddf2fa34016f3d28b6c11c63632', NULL, NULL, '36.79.176.110', NULL, '2017-03-09 07:57:56', 'BPRKS', 783),
(1113, '2015BB1200000432', '61adb101eca154daf17b55cf31a11379', NULL, NULL, '36.79.176.110', NULL, '2017-03-09 07:59:03', 'BPRKS', 783),
(1114, '2015BB1200000593', '3f6f6ad67768e53a3094fddf14d032d4', NULL, NULL, '36.79.176.110', NULL, '2017-03-09 08:00:34', 'BPRKS', 783),
(1115, '2015BB1200000574', '7553088d229f4d20a8ff215dcf70e353', NULL, NULL, '36.79.176.110', NULL, '2017-03-09 08:01:32', 'BPRKS', 783),
(1116, '2015BB1200000534', '4017798a60435e6fffc59405862866b4', NULL, NULL, '36.79.176.110', NULL, '2017-03-09 08:04:46', 'BPRKS', 783),
(1117, '2015BB1200000440', 'ff8c9a47c07e1907919485e588089af5', NULL, NULL, '36.79.176.110', NULL, '2017-03-09 08:05:39', 'BPRKS', 783),
(1118, '2015BB1200000527', '412b0db70b5e65a404d730fcf9206bc0', NULL, NULL, '36.79.176.110', NULL, '2017-03-09 08:06:27', 'BPRKS', 783),
(1119, '2015BB1200000521', '4469d63a179add72b2ee5cee21814431', NULL, NULL, '36.79.176.110', NULL, '2017-03-09 08:07:19', 'BPRKS', 783),
(1120, '2015BB1200000757', '6e296376b504649313a124fca33978e2', NULL, NULL, '36.79.176.110', NULL, '2017-03-09 08:10:07', 'BPRKS', 783),
(1121, '2015BB1200000546', 'bc51780c17dfed3bcdd63dbd5f6bb3c4', NULL, NULL, '36.79.176.110', NULL, '2017-03-09 08:11:29', 'BPRKS', 783),
(1122, '2015BB1200000586', 'f24dd53c1c0a09e18f5556320fc1c35e', NULL, NULL, '36.79.176.110', NULL, '2017-03-09 08:12:14', 'BPRKS', 783),
(1123, '2015BB1200000533', 'c895484eea701dca4f6db28c939e430e', NULL, NULL, '36.79.176.110', NULL, '2017-03-09 08:13:19', 'BPRKS', 783),
(1124, '2015BB1200000535', '5e393d68af86ef1aa0051d342bd20cda', NULL, NULL, '36.79.176.110', NULL, '2017-03-09 08:14:11', 'BPRKS', 783),
(1125, '2015BB1200000557', '7013d1322d7e2fb3e7ee16e8b366f100', NULL, NULL, '36.79.176.110', NULL, '2017-03-09 08:14:56', 'BPRKS', 783),
(1126, '2015BB1200000594', 'b1f890986742af5df90b54d40171140b', NULL, NULL, '36.79.176.110', NULL, '2017-03-09 08:16:01', 'BPRKS', 783),
(1127, '2015BB1200000541', '3bc27ef9800e6a56d77c4d158add9c47', NULL, NULL, '36.79.176.110', NULL, '2017-03-09 08:16:48', 'BPRKS', 783),
(1128, '2015BB1200000543', '3b37ac6e08795f2fdb51c7ef5f4c8603', NULL, NULL, '36.79.176.110', NULL, '2017-03-09 08:18:40', 'BPRKS', 783),
(1129, '2015BB1200000590', 'b28bf12345e1628b984926cb052880cb', NULL, NULL, '36.79.176.110', NULL, '2017-03-09 08:19:27', 'BPRKS', 783),
(1130, '2015BB1200000732', 'd9ee2841bd2e9e3a499d4a75ec7ad397', NULL, NULL, '36.79.176.110', NULL, '2017-03-09 08:21:03', 'BPRKS', 783),
(1131, '2015BB1200000536', '5b8ac965ad33173b834d71814feefd47', NULL, NULL, '36.79.176.110', NULL, '2017-03-09 08:22:23', 'BPRKS', 783),
(1132, '2015BB1200000421', '1f4e2595dcd30480726f79e022136cba', NULL, NULL, '36.79.176.110', NULL, '2017-03-09 08:33:24', 'BPRKS', 783),
(1133, '2015BB1200000881', '7ff3fea9ce4cfa3570cb7d333d6e4339', NULL, NULL, '118.97.53.158', NULL, '2017-03-10 04:38:42', 'BP3TKI ACEH', 128),
(1134, '2015BB1200000316', '6d2bb495b718a0adf87476055e38896e', NULL, NULL, '118.97.53.158', NULL, '2017-03-10 04:40:09', 'BP3TKI MEDAN', 129),
(1135, '2015BB1200000960', 'f5b4fce00e7294f0f5aefcf831d9b6bd', NULL, NULL, '118.97.53.158', NULL, '2017-03-10 04:41:35', 'BP3TKI PEKANBARU', 130),
(1136, '2015BB1200000846', 'b5bade68ba4b1838f40751f3a2ed60bf', NULL, NULL, '118.97.53.158', NULL, '2017-03-10 04:43:04', 'BP3TKI TANJUNGPINANG', 131),
(1137, '2015BB1200000402', '80f69109fc4d29007bba9a83a0b7dff4', NULL, NULL, '118.97.53.158', NULL, '2017-03-10 06:50:24', 'BP3TKI PALEMBANG', 132),
(1138, '2015BB1200000951', '68801208ea81a1a5ff09c7e3d3917dcb', NULL, NULL, '118.97.53.158', NULL, '2017-03-10 06:51:06', 'BP3TKI JAKARTA', 133),
(1139, '2015BB1200000751', '8ce6cfcfc9f3438b62fba21d83aa51a3', NULL, NULL, '118.97.53.158', NULL, '2017-03-10 06:51:53', 'BP3TKI SERANG', 134),
(1140, '2015BB1200000573', '4ced1378809ef89a31b136be013075a3', NULL, NULL, '118.97.53.158', NULL, '2017-03-10 06:52:32', 'BP3TKI BANDUNG', 135),
(1141, '2015BB1200000857', '125695075109cfe06761afcce40b504b', NULL, NULL, '118.97.53.158', NULL, '2017-03-10 06:53:08', 'BP3TKI YOGYAKARTA', 136),
(1142, '2015BB1200000674', 'd369311a30304de4b1b34c891d8ae14d', NULL, NULL, '118.97.53.158', NULL, '2017-03-10 06:53:52', 'BP3TKI SEMARANG', 137),
(1143, '2015BB1200000805', 'aa6f06ac87f907ecaf8c5decfedbd04d', NULL, NULL, '118.97.53.158', NULL, '2017-03-10 06:54:38', 'BP3TKI DENPASAR', 138),
(1144, '2015BB1200000924', '301bcbc1c191ad9d5c9d3fd1b1d0fefe', NULL, NULL, '118.97.53.158', NULL, '2017-03-10 06:55:17', 'BP3TKI MATARAM', 139),
(1145, '2015BB1200000410', '004570c6212033d4e7711494d8f58e98', NULL, NULL, '118.97.53.158', NULL, '2017-03-10 06:55:56', 'BP3TKI KUPANG', 140),
(1146, '2015BB1200000684', '748a30dabc267910c79f1b4ef9a93f08', NULL, NULL, '118.97.53.158', NULL, '2017-03-10 06:56:33', 'BP3TKI BANJARBARU', 141),
(1147, '2015BB1200000920', '2511b7728816bfc56eda5c7f280cc07d', NULL, NULL, '118.97.53.158', NULL, '2017-03-10 06:57:09', 'BP3TKI PONTIANAK', 142),
(1148, '2015BB1200000875', '8100d5c948b109c3f78ce3112d3c38a8', NULL, NULL, '118.97.53.158', NULL, '2017-03-10 06:57:47', 'BP3TKI NUNUKAN', 143),
(1149, '2015BB1200000925', '9ebcc53aa66d6573007f4505811ae242', NULL, NULL, '118.97.53.158', NULL, '2017-03-10 06:58:43', 'BP3TKI MAKASAR', 144),
(1150, '2015BB1200000942', 'fd6f4f569a8a832d276c4476651e414b', NULL, NULL, '118.97.53.158', NULL, '2017-03-10 06:59:21', 'BP3TKI MANADO', 145),
(1151, '2015BB1200000914', '712d9bb6537306fd76f99972f040939c', NULL, NULL, '118.97.53.158', NULL, '2017-03-10 06:59:59', 'BP3TKI PADANG', 146),
(1152, '2015BB1200000856', 'bdaf25dc6c344fee6765641b06ab5329', NULL, NULL, '118.97.53.158', NULL, '2017-03-10 07:00:52', 'BP3TKI BANDAR LAMPUNG', 147),
(1153, '2015BB1200000894', 'c24a06e76b751e89f4d1f92fda785138', NULL, NULL, '118.97.53.158', NULL, '2017-03-10 07:01:28', 'BP3TKI SURABAYA', 161),
(1154, '2015BB1200000876', '5a05d7f3986f5e677313a37c1f7323c3', NULL, NULL, '118.97.53.158', NULL, '2017-03-10 07:02:06', 'KITCC (G To G CIRACAS) DI JAKARTA', 162),
(1155, '2015BB1200000871', 'a32d3e8c8f505a0efdb628bcc7d03e69', NULL, NULL, '118.97.53.158', NULL, '2017-03-10 07:02:49', 'UNIT PELAYANAN PUBLIK DI JAKARTA', 163),
(1156, '2015BB1200000874', 'c87292770f5e8d2a32d0b88e931f434d', NULL, NULL, '118.97.53.158', NULL, '2017-03-10 07:03:34', 'PUSLITFO DI JAKARTA', 164),
(1157, '2015BB1200000867', '8e00ed79db5734029a9681dd03e6a46d', NULL, NULL, '118.97.53.158', NULL, '2017-03-10 07:04:20', 'PUSLITFO DI JAKARTA', 165);

-- --------------------------------------------------------

--
-- Table structure for table `user_license`
--

CREATE TABLE `user_license` (
  `id_user_license` int(11) NOT NULL,
  `nama_user` varchar(80) NOT NULL,
  `password_user` blob NOT NULL,
  `id_institusi` int(11) NOT NULL,
  `id_jenis_user` int(11) NOT NULL,
  `tgl_buat` timestamp NOT NULL DEFAULT CURRENT_TIMESTAMP ON UPDATE CURRENT_TIMESTAMP,
  `tgl_update` timestamp NOT NULL DEFAULT '0000-00-00 00:00:00'
) ENGINE=InnoDB DEFAULT CHARSET=utf8;

--
-- Dumping data for table `user_license`
--

INSERT INTO `user_license` (`id_user_license`, `nama_user`, `password_user`, `id_institusi`, `id_jenis_user`, `tgl_buat`, `tgl_update`) VALUES
(1, 'admin', 0x24327924303924713765696572335051573245742f35794f526b65334f6b796e615a61593565684448553755744f6f442e68684b6478444751333253, 1, 1, '2016-11-02 02:11:57', '2016-10-31 08:53:32'),
(2, 'BNI', 0x61646d696e64756b, 6, 2, '2016-10-31 08:53:29', '2016-10-31 08:53:29'),
(3, 'bpjsketenagakerjaan', 0x61646d696e64756b, 3, 2, '2016-10-31 08:53:38', '2016-10-31 08:53:38'),
(4, 'BCA', 0x61646d696e64756b, 4, 2, '2016-10-31 08:53:38', '2016-10-31 08:53:38'),
(5, 'BANK SINAR MAS', 0x61646d696e64756b, 9, 2, '2016-10-31 08:53:31', '2016-10-31 08:53:31'),
(7, 'PEMKAB BEKASI', 0x61646d696e64756b, 8, 2, '2016-10-31 08:53:36', '2016-10-31 08:53:36'),
(8, 'CAPIL KOTA MAGELANG', 0x61646d696e64756b, 7, 2, '2016-10-31 08:53:29', '2016-10-31 08:53:29'),
(10, 'trisakti', 0x61646d696e64756b, 10, 2, '2016-10-31 08:53:38', '2016-10-31 08:53:38'),
(11, 'BPD_SUMSEL', 0x61646d696e64756b, 13, 2, '2016-10-31 08:53:32', '2016-10-31 08:53:32'),
(12, 'BPD_SUMSEL_2', 0x61646d696e64756b, 13, 2, '2016-10-31 08:53:32', '2016-10-31 08:53:32'),
(13, 'PEMKAB_BANTUL_2', 0x61646d696e64756b, 15, 2, '2016-10-31 08:53:31', '2016-10-31 08:53:31'),
(14, 'PEMKAB_BANTUL', 0x61646d696e64756b, 15, 2, '2016-10-31 08:53:31', '2016-10-31 08:53:31'),
(15, 'PEMKAB_CIREBON', 0x61646d696e64756b, 14, 2, '2016-10-31 08:53:36', '2016-10-31 08:53:36'),
(16, 'PEMKAB_CIREBON_2', 0x61646d696e64756b, 14, 2, '2016-10-31 08:53:32', '2016-10-31 08:53:32'),
(17, 'PEMKAB_CIREBON_3', 0x61646d696e64756b, 14, 2, '2016-10-31 08:53:36', '2016-10-31 08:53:36'),
(18, 'PEMKAB_CIREBON_4', 0x61646d696e64756b, 14, 2, '2016-10-31 08:53:32', '2016-10-31 08:53:32'),
(19, 'PEMKAB_CIREBON_5', 0x61646d696e64756b, 14, 2, '2016-10-31 08:53:32', '2016-10-31 08:53:32'),
(20, 'PEMKAB_CIREBON_6', 0x61646d696e64756b, 14, 2, '2016-10-31 08:53:36', '2016-10-31 08:53:36'),
(21, 'PEMKAB_SERUYAN', 0x61646d696e64756b, 16, 2, '2016-10-31 08:53:36', '2016-10-31 08:53:36'),
(22, 'PEMKAB_SERUYAN_1', 0x61646d696e64756b, 16, 2, '2016-10-31 08:53:29', '2016-10-31 08:53:29'),
(23, 'PEMKOT_PEKALONGAN', 0x61646d696e64756b, 17, 2, '2016-10-31 08:53:29', '2016-10-31 08:53:29'),
(24, 'PEMKOT_PEKALONGAN_1', 0x61646d696e64756b, 17, 2, '2016-10-31 08:53:29', '2016-10-31 08:53:29'),
(25, 'PEMKOT_PEKALONGAN_2', 0x61646d696e64756b, 17, 2, '2016-10-31 08:53:29', '2016-10-31 08:53:29'),
(26, 'PEMKOT_PEKALONGAN_3', 0x61646d696e64756b, 17, 2, '2016-10-31 08:53:31', '2016-10-31 08:53:31'),
(27, 'PEMKAB_GROBOGAN', 0x61646d696e64756b, 18, 2, '2016-10-31 08:53:31', '2016-10-31 08:53:31'),
(28, 'PEMKAB_GROBOGAN_2', 0x61646d696e64756b, 18, 2, '2016-10-31 08:53:29', '2016-10-31 08:53:29'),
(29, 'PEMKAB_BANYUWANGI', 0x61646d696e64756b, 19, 2, '2016-10-31 08:53:31', '2016-10-31 08:53:31'),
(30, 'PEMKAB_MEMPAWAH', 0x61646d696e64756b, 20, 2, '2016-10-31 08:53:29', '2016-10-31 08:53:29'),
(31, 'BANK_BRI_1', 0x61646d696e64756b, 21, 2, '2016-10-31 08:53:29', '2016-10-31 08:53:29'),
(32, 'DINKES_TANGSEL_1', 0x61646d696e64756b, 23, 2, '2016-10-31 08:53:36', '2016-10-31 08:53:36'),
(33, 'DINKES_TANGSEL_2', 0x61646d696e64756b, 23, 2, '2016-10-31 08:53:36', '2016-10-31 08:53:36'),
(34, 'DINKES_TANGSEL_3', 0x61646d696e64756b, 23, 2, '2016-10-31 08:53:32', '2016-10-31 08:53:32'),
(35, 'DINKES_TANGSEL_4', 0x61646d696e64756b, 23, 2, '2016-10-31 08:53:29', '2016-10-31 08:53:29'),
(36, 'DINKES_TANGSEL_5', 0x61646d696e64756b, 23, 2, '2016-10-31 08:53:29', '2016-10-31 08:53:29'),
(37, 'DINKES_TANGSEL_6', 0x61646d696e64756b, 23, 2, '2016-10-31 08:53:29', '2016-10-31 08:53:29'),
(38, 'DINKES_TANGSEL_7', 0x61646d696e64756b, 23, 2, '2016-10-31 08:53:29', '2016-10-31 08:53:29'),
(39, 'DINKES_TANGSEL_8', 0x61646d696e64756b, 23, 2, '2016-10-31 08:53:36', '2016-10-31 08:53:36'),
(40, 'DINKES_TANGSEL_9', 0x61646d696e64756b, 23, 2, '2016-10-31 08:53:29', '2016-10-31 08:53:29'),
(41, 'DINKES_TANGSEL_10', 0x61646d696e64756b, 23, 2, '2016-10-31 08:53:29', '2016-10-31 08:53:29'),
(42, 'DINKES_TANGSEL_11', 0x61646d696e64756b, 23, 2, '2016-10-31 08:53:29', '2016-10-31 08:53:29'),
(43, 'DINKES_TANGSEL_12', 0x61646d696e64756b, 23, 2, '2016-10-31 08:53:36', '2016-10-31 08:53:36'),
(44, 'DINKES_TANGSEL_13', 0x61646d696e64756b, 23, 2, '2016-10-31 08:53:36', '2016-10-31 08:53:36'),
(45, 'DINKES_TANGSEL_14', 0x61646d696e64756b, 23, 2, '2016-10-31 08:53:36', '2016-10-31 08:53:36'),
(46, 'DINKES_TANGSEL_15', 0x61646d696e64756b, 23, 2, '2016-10-31 08:53:29', '2016-10-31 08:53:29'),
(47, 'RSU_TANGSEL_1', 0x61646d696e64756b, 22, 2, '2016-10-31 08:53:32', '2016-10-31 08:53:32'),
(48, 'RSU_TANGSEL_2', 0x61646d696e64756b, 22, 2, '2016-10-31 08:53:31', '2016-10-31 08:53:31'),
(49, 'RSU_TANGSEL_3', 0x61646d696e64756b, 22, 2, '2016-10-31 08:53:32', '2016-10-31 08:53:32'),
(50, 'DUKCAPIL_GROBOGAN1', 0x61646d696e64756b, 25, 2, '2016-10-31 08:53:36', '2016-10-31 08:53:36'),
(51, 'DUKCAPIL_GROBOGAN2', 0x61646d696e64756b, 25, 2, '2016-10-31 08:53:31', '2016-10-31 08:53:31'),
(86, 'DUKCAPIL_KOTAYOGYA1', 0x61646d696e64756b, 27, 2, '2016-10-31 08:53:35', '2016-10-31 08:53:35'),
(87, 'DUKCAPIL_KOTAYOGYA2', 0x61646d696e64756b, 27, 2, '2016-10-31 08:53:35', '2016-10-31 08:53:35'),
(88, 'DUKCAPIL_KOTAYOGYA3', 0x61646d696e64756b, 27, 2, '2016-10-31 08:53:35', '2016-10-31 08:53:35'),
(89, 'DUKCAPIL_KOTAYOGYA4', 0x61646d696e64756b, 27, 2, '2016-10-31 08:53:35', '2016-10-31 08:53:35'),
(90, 'DUKCAPIL_KOTAYOGYA5', 0x61646d696e64756b, 27, 2, '2016-10-31 08:53:35', '2016-10-31 08:53:35'),
(91, 'DUKCAPIL_KOTAYOGYA6', 0x61646d696e64756b, 27, 2, '2016-10-31 08:53:35', '2016-10-31 08:53:35'),
(92, 'DUKCAPIL_KOTAYOGYA7', 0x61646d696e64756b, 27, 2, '2016-10-31 08:53:35', '2016-10-31 08:53:35'),
(93, 'DUKCAPIL_KOTAYOGYA8', 0x61646d696e64756b, 27, 2, '2016-10-31 08:53:35', '2016-10-31 08:53:35'),
(94, 'DUKCAPIL_KOTAYOGYA9', 0x61646d696e64756b, 27, 2, '2016-10-31 08:53:35', '2016-10-31 08:53:35'),
(96, 'DUKCAPIL_KOTAYOGYA11', 0x61646d696e64756b, 27, 2, '2016-10-31 08:53:35', '2016-10-31 08:53:35'),
(97, 'DUKCAPIL_KTMGLNG1', 0x61646d696e64756b, 7, 2, '2016-10-31 08:53:35', '2016-10-31 08:53:35'),
(98, 'DUKCAPIL_KTMGLNG2', 0x61646d696e64756b, 7, 2, '2016-10-31 08:53:35', '2016-10-31 08:53:35'),
(99, 'DUKCAPIL_KTMGLNG3', 0x61646d696e64756b, 7, 2, '2016-10-31 08:53:35', '2016-10-31 08:53:35'),
(100, 'DUKCAPIL_KTMGLNG4', 0x61646d696e64756b, 7, 2, '2016-10-31 08:53:35', '2016-10-31 08:53:35'),
(101, 'DUKCAPIL_KTMGLNG5', 0x61646d696e64756b, 7, 2, '2016-10-31 08:53:35', '2016-10-31 08:53:35'),
(102, 'DUKCAPIL_KTMGLNG6', 0x61646d696e64756b, 7, 2, '2016-10-31 08:53:35', '2016-10-31 08:53:35'),
(103, 'DUKCAPIL_KTMGLNG7', 0x61646d696e64756b, 7, 2, '2016-10-31 08:53:35', '2016-10-31 08:53:35'),
(104, 'DUKCAPIL_KTMGLNG8', 0x61646d696e64756b, 7, 2, '2016-10-31 08:53:35', '2016-10-31 08:53:35'),
(105, 'DUKCAPIL_KTMGLNG9', 0x61646d696e64756b, 7, 2, '2016-10-31 08:53:35', '2016-10-31 08:53:35'),
(107, 'DUKCAPIL_KTMGLNG11', 0x61646d696e64756b, 7, 2, '2016-10-31 08:53:35', '2016-10-31 08:53:35'),
(108, 'DUKCAPIL_KTMGLNG12', 0x61646d696e64756b, 7, 2, '2016-10-31 08:53:35', '2016-10-31 08:53:35'),
(109, 'DUKCAPIL_KTMGLNG13', 0x61646d696e64756b, 7, 2, '2016-10-31 08:53:35', '2016-10-31 08:53:35'),
(110, 'DUKCAPIL_KTMGLNG14', 0x61646d696e64756b, 7, 2, '2016-10-31 08:53:35', '2016-10-31 08:53:35'),
(111, 'DUKCAPIL_KTMGLNG15', 0x61646d696e64756b, 7, 2, '2016-10-31 08:53:36', '2016-10-31 08:53:36'),
(112, 'DUKCAPIL_KTMGLNG16', 0x61646d696e64756b, 7, 2, '2016-10-31 08:53:36', '2016-10-31 08:53:36'),
(128, 'BNPPTKI_JKT1', 0x24327924303924487672774d617169634361677a5874332f6451464e755476764e6a507a6c686c65454d466c7a7456714c364767446f625074344669, 28, 2, '2017-03-10 04:32:49', '2017-03-10 04:32:49'),
(129, 'BNPPTKI_JKT2', 0x243279243039243961544838714e59795257384e50635343526b305365434456576f5369316b6b674e396c534239373849426c506a39745751455a65, 28, 2, '2017-03-10 04:34:28', '2017-03-10 04:34:28'),
(130, 'BNPPTKI_JKT3', 0x24327924303924756e38425a2f4957576373326d65745a7558416b514f69366851324d5278526c63306a5954514a6f6c5a6c6d56307a684758686b71, 28, 2, '2017-03-10 04:40:24', '2017-03-10 04:40:24'),
(131, 'BNPPTKI_JKT4', 0x243279243039243556324f55386373462f56505a643676517553743675687a7567313577524e5075564b58486c41506c2e3863664d394b5045762f53, 28, 2, '2017-03-10 04:41:03', '2017-03-10 04:41:03'),
(132, 'BNPPTKI_JKT5', 0x2432792430392478437153445a36336d644e3138763934344f456d532e3954595655336d3731657446687744374f2f5152635a623869354e61327675, 28, 2, '2017-03-10 04:42:07', '2017-03-10 04:42:07'),
(133, 'BNPPTKI_JKT6', 0x2432792430392470474f344e62366b65385853383158525734716d476576432e78737a4e6342363764453064766976315739737a75756a3767794643, 28, 2, '2017-03-10 04:46:56', '2017-03-10 04:46:56'),
(134, 'BNPPTKI_JKT7', 0x2432792430392453556273784b584b2f4a587377366d652f5531325a4f58344c6658764573627a675756354a365879707968356c42304336794a674f, 28, 2, '2017-03-10 04:47:46', '2017-03-10 04:47:46'),
(135, 'BNPPTKI_JKT8', 0x2432792430392471443479386c557878387852376c612e594846546a654d4b626767564235625765775142434b4a48325971624554533075414e6f36, 28, 2, '2017-03-10 04:48:21', '2017-03-10 04:48:21'),
(136, 'BNPPTKI_JKT9', 0x243279243039244a7536623161305435726f344f4b2e5a6d644c71772e77354c42696b4c7761776136665a6775475456317241466b5858776831616d, 28, 2, '2017-03-10 04:49:02', '2017-03-10 04:49:02'),
(137, 'BNPPTKI_JKT10', 0x24327924303924375861686548544a2f616b37784f4a4973334655484f70426f474c6766585045494c755756324571597a6536554a415a6f78344d43, 28, 2, '2017-03-10 04:49:42', '2017-03-10 04:49:42'),
(138, 'BNPPTKI_JKT11', 0x24327924303924384274516b503075512f6c5767344e4b6d7162396475364a49624f6a626e534770684868493434527638462e384b4e4944454b5269, 28, 2, '2017-03-10 04:51:09', '2017-03-10 04:51:09'),
(139, 'BNPPTKI_JKT12', 0x243279243039244f39732f34652e6b665477495844506358533761492e48586874677864443355572e732e71586e5a374c61697656795049346a6869, 28, 2, '2017-03-10 04:52:32', '2017-03-10 04:52:32'),
(140, 'BNPPTKI_JKT13', 0x243279243039242f357734714d445836516e4457764d755530384e2e7539726539417449775846446e36532e414f6c38365148324d546a2f6a694f36, 28, 2, '2017-03-10 04:53:18', '2017-03-10 04:53:18'),
(141, 'BNPPTKI_JKT14', 0x243279243039246f43637342734576785743394b685663512e54646e7575673378637a54335a544a415a494457684a7175794f4b45746c5449446c36, 28, 2, '2017-03-10 04:54:05', '2017-03-10 04:54:05'),
(142, 'BNPPTKI_JKT15', 0x243279243039247731617a474a616949707a63655162413330514d2f4f397367645a34656b5565704c68387535546d46316575545a314856746b3647, 28, 2, '2017-03-10 04:54:44', '2017-03-10 04:54:44'),
(143, 'BNPPTKI_JKT16', 0x24327924303924734e50486d453933544742702e585857344e5a707a2e786e623864496c59342e44634759486f6d3055334d30645232587138436471, 28, 2, '2017-03-10 04:56:15', '2017-03-10 04:56:15'),
(144, 'BNPPTKI_JKT17', 0x24327924303924327461546439566d614149515a507350464c545834756b7235343831676d545176586779753051617971317a6c713544457a526857, 28, 2, '2017-03-10 04:56:51', '2017-03-10 04:56:51'),
(145, 'BNPPTKI_JKT18', 0x2432792430392459426c342e534c682f7947355158736b4a35776a696546627a782f456770426557574a72716a6e42636d314a4b4563795949576d6d, 28, 2, '2017-03-10 04:57:25', '2017-03-10 04:57:25'),
(146, 'BNPPTKI_JKT19', 0x243279243039246a752f426d53746e4c324142435775416d2f7955472e7364574162787063763942563779756872446b77414976693631443357616d, 28, 2, '2017-03-10 04:59:08', '2017-03-10 04:59:08'),
(147, 'BNPPTKI_JKT20', 0x2432792430392473326c4431524a3053376365757836416d6743326e4f5232794f444778677533463047317a576c4544615342346c51413042624f65, 28, 2, '2017-03-10 05:01:27', '2017-03-10 05:01:27'),
(161, 'BNPPTKI_JKT21', 0x24327924303924376e446867364279644d6b324e5a5356684a6d55584f676156703432746d2e6d346f694533706d53387145783773496536374f7153, 28, 2, '2017-03-10 05:02:22', '2017-03-10 05:02:22'),
(162, 'BNPPTKI_JKT22', 0x243279243039246a4e756d725538775876384669345a576e6e4e70684f753061794b437148684b38444c583035306c5759614d734f704a566e6c6243, 28, 2, '2017-03-10 05:03:05', '2017-03-10 05:03:05'),
(163, 'BNPPTKI_JKT23', 0x24327924303924796264334f65545736356c774d5a30476e5a6250384f345836646d6461517050305a4e69336c51477a315668504d31414d49434a61, 28, 2, '2017-03-10 05:04:07', '2017-03-10 05:04:07'),
(164, 'BNPPTKI_JKT24', 0x2432792430392466756c644a66417564717236416f436f41375037576539627a55616b32696e666258343235726b384745455873414476646e6c7653, 28, 2, '2017-03-10 05:04:52', '2017-03-10 05:04:52'),
(165, 'BNPPTKI_JKT25', 0x24327924303924714b54346d6f57396d43325a4c384179576d62534d4f436134696761566732705a7341324778712e4262672f5a6248676779544253, 28, 2, '2017-03-10 05:05:26', '2017-03-10 05:05:26'),
(181, 'DUKCAPIL_KNGAN1', 0x61646d696e64756b, 29, 2, '2016-10-31 08:53:37', '2016-10-31 08:53:37'),
(182, 'DUKCAPIL_KNGAN2', 0x61646d696e64756b, 29, 2, '2016-10-31 08:53:37', '2016-10-31 08:53:37'),
(183, 'DUKCAPIL_KNGAN3', 0x61646d696e64756b, 29, 2, '2016-10-31 08:53:37', '2016-10-31 08:53:37'),
(184, 'DUKCAPIL_KNGAN4', 0x61646d696e64756b, 29, 2, '2016-10-31 08:53:37', '2016-10-31 08:53:37'),
(201, 'BANK_BRI1', 0x61646d696e64756b, 21, 2, '2016-10-31 08:53:37', '2016-10-31 08:53:37'),
(202, 'BANK_BRI2', 0x61646d696e64756b, 21, 2, '2016-10-31 08:53:29', '2016-10-31 08:53:29'),
(203, 'BANK_BRI3', 0x61646d696e64756b, 21, 2, '2016-10-31 08:53:29', '2016-10-31 08:53:29'),
(204, 'BANK_BRI4', 0x61646d696e64756b, 21, 2, '2016-10-31 08:53:37', '2016-10-31 08:53:37'),
(205, 'BANK_BRI5', 0x61646d696e64756b, 21, 2, '2016-10-31 08:53:29', '2016-10-31 08:53:29'),
(206, 'BANK_BRI6', 0x61646d696e64756b, 21, 2, '2016-10-31 08:53:37', '2016-10-31 08:53:37'),
(221, 'BANK_BRI7', 0x61646d696e64756b, 21, 2, '2016-10-31 08:53:38', '2016-10-31 08:53:38'),
(222, 'BANK_BRI8', 0x61646d696e64756b, 21, 2, '2016-10-31 08:53:37', '2016-10-31 08:53:37'),
(223, 'BANK_BRI9', 0x61646d696e64756b, 21, 2, '2016-10-31 08:53:38', '2016-10-31 08:53:38'),
(224, 'BANK_BRI10', 0x61646d696e64756b, 21, 2, '2016-10-31 08:53:37', '2016-10-31 08:53:37'),
(225, 'BANK_BRI11', 0x61646d696e64756b, 21, 2, '2016-10-31 08:53:38', '2016-10-31 08:53:38'),
(226, 'BANK_BRI12', 0x61646d696e64756b, 21, 2, '2016-10-31 08:53:37', '2016-10-31 08:53:37'),
(227, 'BANK_BRI13', 0x61646d696e64756b, 21, 2, '2016-10-31 08:53:37', '2016-10-31 08:53:37'),
(228, 'BANK_BRI14', 0x61646d696e64756b, 21, 2, '2016-10-31 08:53:37', '2016-10-31 08:53:37'),
(229, 'BANK_BRI15', 0x61646d696e64756b, 21, 2, '2016-10-31 08:53:37', '2016-10-31 08:53:37'),
(230, 'BANK_BRI16', 0x61646d696e64756b, 21, 2, '2016-10-31 08:53:37', '2016-10-31 08:53:37'),
(231, 'BANK_BRI17', 0x61646d696e64756b, 21, 2, '2016-10-31 08:53:37', '2016-10-31 08:53:37'),
(232, 'BANK_BRI18', 0x61646d696e64756b, 21, 2, '2016-10-31 08:53:38', '2016-10-31 08:53:38'),
(233, 'BANK_BRI19', 0x61646d696e64756b, 21, 2, '2016-10-31 08:53:38', '2016-10-31 08:53:38'),
(234, 'BANK_BRI20', 0x61646d696e64756b, 21, 2, '2016-10-31 08:53:37', '2016-10-31 08:53:37'),
(235, 'BANK_BRI21', 0x61646d696e64756b, 21, 2, '2016-10-31 08:53:38', '2016-10-31 08:53:38'),
(236, 'BANK_BRI22', 0x61646d696e64756b, 21, 2, '2016-10-31 08:53:38', '2016-10-31 08:53:38'),
(237, 'BANK_BRI23', 0x61646d696e64756b, 21, 2, '2016-10-31 08:53:38', '2016-10-31 08:53:38'),
(238, 'BANK_BRI24', 0x61646d696e64756b, 21, 2, '2016-10-31 08:53:37', '2016-10-31 08:53:37'),
(239, 'BANK_BRI25', 0x61646d696e64756b, 21, 2, '2016-10-31 08:53:38', '2016-10-31 08:53:38'),
(240, 'BANK_BRI26', 0x61646d696e64756b, 21, 2, '2016-10-31 08:53:37', '2016-10-31 08:53:37'),
(241, 'BANK_BRI27', 0x61646d696e64756b, 21, 2, '2016-10-31 08:53:29', '2016-10-31 08:53:29'),
(242, 'BANK_BRI28', 0x61646d696e64756b, 21, 2, '2016-10-31 08:53:37', '2016-10-31 08:53:37'),
(243, 'BANK_BRI29', 0x61646d696e64756b, 21, 2, '2016-10-31 08:53:29', '2016-10-31 08:53:29'),
(244, 'BANK_BRI30', 0x61646d696e64756b, 21, 2, '2016-10-31 08:53:37', '2016-10-31 08:53:37'),
(245, 'BANK_BRI31', 0x61646d696e64756b, 21, 2, '2016-10-31 08:53:37', '2016-10-31 08:53:37'),
(246, 'BANK_BRI32', 0x61646d696e64756b, 21, 2, '2016-10-31 08:53:29', '2016-10-31 08:53:29'),
(247, 'BANK_BRI33', 0x61646d696e64756b, 21, 2, '2016-10-31 08:53:37', '2016-10-31 08:53:37'),
(248, 'BANK_BRI34', 0x2432792430392454754a706b7745764a664a31564b426248676172586558534f58335034614e3736644e585736576b785963796856614a3973516b75, 21, 2, '2016-11-01 09:51:19', '2016-10-31 08:53:29'),
(249, 'BANK_BRI35', 0x61646d696e64756b, 21, 2, '2016-10-31 08:53:37', '2016-10-31 08:53:37'),
(250, 'BANK_BRI36', 0x61646d696e64756b, 21, 2, '2016-10-31 08:53:29', '2016-10-31 08:53:29'),
(251, 'BANK_BRI37', 0x61646d696e64756b, 21, 2, '2016-10-31 08:53:30', '2016-10-31 08:53:30'),
(252, 'BANK_BRI38', 0x61646d696e64756b, 21, 2, '2016-10-31 08:53:37', '2016-10-31 08:53:37'),
(253, 'BANK_BRI39', 0x61646d696e64756b, 21, 2, '2016-10-31 08:53:30', '2016-10-31 08:53:30'),
(254, 'BANK_BRI40', 0x61646d696e64756b, 21, 2, '2016-10-31 08:53:37', '2016-10-31 08:53:37'),
(255, 'BANK_BRI41', 0x61646d696e64756b, 21, 2, '2016-10-31 08:53:37', '2016-10-31 08:53:37'),
(256, 'BANK_BRI42', 0x61646d696e64756b, 21, 2, '2016-10-31 08:53:37', '2016-10-31 08:53:37'),
(257, 'BANK_BRI43', 0x61646d696e64756b, 21, 2, '2016-10-31 08:53:37', '2016-10-31 08:53:37'),
(258, 'BANK_BRI44', 0x61646d696e64756b, 21, 2, '2016-10-31 08:53:30', '2016-10-31 08:53:30'),
(259, 'BANK_BRI45', 0x61646d696e64756b, 21, 2, '2016-10-31 08:53:30', '2016-10-31 08:53:30'),
(260, 'BANK_BRI46', 0x61646d696e64756b, 21, 2, '2016-10-31 08:53:37', '2016-10-31 08:53:37'),
(261, 'BANK_BRI47', 0x61646d696e64756b, 21, 2, '2016-10-31 08:53:30', '2016-10-31 08:53:30'),
(262, 'BANK_BRI48', 0x61646d696e64756b, 21, 2, '2016-10-31 08:53:37', '2016-10-31 08:53:37'),
(263, 'BANK_BRI49', 0x61646d696e64756b, 21, 2, '2016-10-31 08:53:30', '2016-10-31 08:53:30'),
(264, 'BANK_BRI50', 0x61646d696e64756b, 21, 2, '2016-10-31 08:53:38', '2016-10-31 08:53:38'),
(281, 'BANK_BRI79', 0x61646d696e64756b, 21, 2, '2016-10-31 08:53:30', '2016-10-31 08:53:30'),
(282, 'BANK_BRI76', 0x61646d696e64756b, 21, 2, '2016-10-31 08:53:38', '2016-10-31 08:53:38'),
(283, 'BANK_BRI51', 0x61646d696e64756b, 21, 2, '2016-10-31 08:53:30', '2016-10-31 08:53:30'),
(284, 'BANK_BRI52', 0x61646d696e64756b, 21, 2, '2016-10-31 08:53:30', '2016-10-31 08:53:30'),
(285, 'BANK_BRI53', 0x61646d696e64756b, 21, 2, '2016-10-31 08:53:30', '2016-10-31 08:53:30'),
(286, 'BANK_BRI54', 0x61646d696e64756b, 21, 2, '2016-10-31 08:53:38', '2016-10-31 08:53:38'),
(287, 'BANK_BRI55', 0x61646d696e64756b, 21, 2, '2016-10-31 08:53:38', '2016-10-31 08:53:38'),
(288, 'BANK_BRI56', 0x61646d696e64756b, 21, 2, '2016-10-31 08:53:38', '2016-10-31 08:53:38'),
(289, 'BANK_BRI57', 0x61646d696e64756b, 21, 2, '2016-10-31 08:53:30', '2016-10-31 08:53:30'),
(290, 'BANK_BRI58', 0x61646d696e64756b, 21, 2, '2016-10-31 08:53:30', '2016-10-31 08:53:30'),
(291, 'BANK_BRI59', 0x61646d696e64756b, 21, 2, '2016-10-31 08:53:38', '2016-10-31 08:53:38'),
(292, 'BANK_BRI60', 0x61646d696e64756b, 21, 2, '2016-10-31 08:53:30', '2016-10-31 08:53:30'),
(293, 'BANK_BRI61', 0x61646d696e64756b, 21, 2, '2016-10-31 08:53:38', '2016-10-31 08:53:38'),
(294, 'BANK_BRI62', 0x61646d696e64756b, 21, 2, '2016-10-31 08:53:30', '2016-10-31 08:53:30'),
(295, 'BANK_BRI63', 0x61646d696e64756b, 21, 2, '2016-10-31 08:53:38', '2016-10-31 08:53:38'),
(296, 'BANK_BRI64', 0x61646d696e64756b, 21, 2, '2016-10-31 08:53:38', '2016-10-31 08:53:38'),
(297, 'BANK_BRI65', 0x61646d696e64756b, 21, 2, '2016-10-31 08:53:30', '2016-10-31 08:53:30'),
(298, 'BANK_BRI66', 0x61646d696e64756b, 21, 2, '2016-10-31 08:53:30', '2016-10-31 08:53:30'),
(299, 'BANK_BRI67', 0x61646d696e64756b, 21, 2, '2016-10-31 08:53:38', '2016-10-31 08:53:38'),
(300, 'BANK_BRI68', 0x61646d696e64756b, 21, 2, '2016-10-31 08:53:30', '2016-10-31 08:53:30'),
(301, 'BANK_BRI69', 0x61646d696e64756b, 21, 2, '2016-10-31 08:53:38', '2016-10-31 08:53:38'),
(302, 'BANK_BRI70', 0x61646d696e64756b, 21, 2, '2016-10-31 08:53:30', '2016-10-31 08:53:30'),
(303, 'BANK_BRI71', 0x61646d696e64756b, 21, 2, '2016-10-31 08:53:30', '2016-10-31 08:53:30'),
(304, 'BANK_BRI72', 0x61646d696e64756b, 21, 2, '2016-10-31 08:53:38', '2016-10-31 08:53:38'),
(305, 'BANK_BRI73', 0x61646d696e64756b, 21, 2, '2016-10-31 08:53:30', '2016-10-31 08:53:30'),
(306, 'BANK_BRI74', 0x61646d696e64756b, 21, 2, '2016-10-31 08:53:30', '2016-10-31 08:53:30'),
(307, 'BANK_BRI75', 0x61646d696e64756b, 21, 2, '2016-10-31 08:53:30', '2016-10-31 08:53:30'),
(308, 'BANK_BRI77', 0x61646d696e64756b, 21, 2, '2016-10-31 08:53:38', '2016-10-31 08:53:38'),
(309, 'BANK_BRI78', 0x61646d696e64756b, 21, 2, '2016-10-31 08:53:30', '2016-10-31 08:53:30'),
(310, 'BANK_BRI80', 0x61646d696e64756b, 21, 2, '2016-10-31 08:53:38', '2016-10-31 08:53:38'),
(311, 'BANK_BRI81', 0x61646d696e64756b, 21, 2, '2016-10-31 08:53:38', '2016-10-31 08:53:38'),
(312, 'BANK_BRI82', 0x61646d696e64756b, 21, 2, '2016-10-31 08:53:38', '2016-10-31 08:53:38'),
(313, 'BANK_BRI83', 0x61646d696e64756b, 21, 2, '2016-10-31 08:53:31', '2016-10-31 08:53:31'),
(314, 'BANK_BRI84', 0x61646d696e64756b, 21, 2, '2016-10-31 08:53:31', '2016-10-31 08:53:31'),
(315, 'BANK_BRI85', 0x61646d696e64756b, 21, 2, '2016-10-31 08:53:38', '2016-10-31 08:53:38'),
(316, 'BANK_BRI86', 0x61646d696e64756b, 21, 2, '2016-10-31 08:53:31', '2016-10-31 08:53:31'),
(317, 'BANK_BRI87', 0x61646d696e64756b, 21, 2, '2016-10-31 08:53:31', '2016-10-31 08:53:31'),
(318, 'BANK_BRI88', 0x61646d696e64756b, 21, 2, '2016-10-31 08:53:38', '2016-10-31 08:53:38'),
(319, 'BANK_BRI89', 0x61646d696e64756b, 21, 2, '2016-10-31 08:53:31', '2016-10-31 08:53:31'),
(320, 'BANK_BRI90', 0x61646d696e64756b, 21, 2, '2016-10-31 08:53:39', '2016-10-31 08:53:39'),
(321, 'BANK_BRI91', 0x61646d696e64756b, 21, 2, '2016-10-31 08:53:39', '2016-10-31 08:53:39'),
(322, 'BANK_BRI92', 0x61646d696e64756b, 21, 2, '2016-10-31 08:53:39', '2016-10-31 08:53:39'),
(323, 'BANK_BRI93', 0x61646d696e64756b, 21, 2, '2016-10-31 08:53:39', '2016-10-31 08:53:39'),
(324, 'BANK_BRI94', 0x61646d696e64756b, 21, 2, '2016-10-31 08:53:39', '2016-10-31 08:53:39'),
(325, 'BANK_BRI95', 0x61646d696e64756b, 21, 2, '2016-10-31 08:53:39', '2016-10-31 08:53:39'),
(326, 'BANK_BRI96', 0x61646d696e64756b, 21, 2, '2016-10-31 08:53:39', '2016-10-31 08:53:39'),
(327, 'BANK_BRI97', 0x61646d696e64756b, 21, 2, '2016-10-31 08:53:39', '2016-10-31 08:53:39'),
(328, 'BANK_BRI98', 0x61646d696e64756b, 21, 2, '2016-10-31 08:53:39', '2016-10-31 08:53:39'),
(329, 'BANK_BRI99', 0x61646d696e64756b, 21, 2, '2016-10-31 08:53:39', '2016-10-31 08:53:39'),
(330, 'BANK_BRI100', 0x61646d696e64756b, 21, 2, '2016-10-31 08:53:31', '2016-10-31 08:53:31'),
(331, 'BANK_BRI101', 0x61646d696e64756b, 21, 2, '2016-10-31 08:53:31', '2016-10-31 08:53:31'),
(332, 'BANK_BRI102', 0x61646d696e64756b, 21, 2, '2016-10-31 08:53:31', '2016-10-31 08:53:31'),
(333, 'BANK_BRI104', 0x61646d696e64756b, 21, 2, '2016-10-31 08:53:31', '2016-10-31 08:53:31'),
(334, 'BANK_BRI105', 0x61646d696e64756b, 21, 2, '2016-10-31 08:53:31', '2016-10-31 08:53:31'),
(335, 'BANK_BRI106', 0x61646d696e64756b, 21, 2, '2016-10-31 08:53:31', '2016-10-31 08:53:31'),
(336, 'BANK_BRI107', 0x61646d696e64756b, 21, 2, '2016-10-31 08:53:31', '2016-10-31 08:53:31'),
(337, 'BANK_BRI108', 0x61646d696e64756b, 21, 2, '2016-10-31 08:53:31', '2016-10-31 08:53:31'),
(338, 'BANK_BRI109', 0x61646d696e64756b, 21, 2, '2016-10-31 08:53:31', '2016-10-31 08:53:31'),
(339, 'BANK_BRI110', 0x61646d696e64756b, 21, 2, '2016-10-31 08:53:31', '2016-10-31 08:53:31'),
(340, 'BANK_BRI111', 0x61646d696e64756b, 21, 2, '2016-10-31 08:53:31', '2016-10-31 08:53:31'),
(341, 'BANK_BRI112', 0x61646d696e64756b, 21, 2, '2016-10-31 08:53:31', '2016-10-31 08:53:31'),
(342, 'BANK_BRI113', 0x61646d696e64756b, 21, 2, '2016-10-31 08:53:32', '2016-10-31 08:53:32'),
(343, 'BANK_BRI114', 0x61646d696e64756b, 21, 2, '2016-10-31 08:53:32', '2016-10-31 08:53:32'),
(344, 'BANK_BRI115', 0x61646d696e64756b, 21, 2, '2016-10-31 08:53:32', '2016-10-31 08:53:32'),
(345, 'BANK_BRI116', 0x61646d696e64756b, 21, 2, '2016-10-31 08:53:32', '2016-10-31 08:53:32'),
(346, 'BANK_BRI117', 0x61646d696e64756b, 21, 2, '2016-10-31 08:53:32', '2016-10-31 08:53:32'),
(347, 'BANK_BRI118', 0x61646d696e64756b, 21, 2, '2016-10-31 08:53:32', '2016-10-31 08:53:32'),
(348, 'BANK_BRI119', 0x61646d696e64756b, 21, 2, '2016-10-31 08:53:32', '2016-10-31 08:53:32'),
(349, 'BANK_BRI120', 0x61646d696e64756b, 21, 2, '2016-10-31 08:53:32', '2016-10-31 08:53:32'),
(350, 'BANK_BRI121', 0x61646d696e64756b, 21, 2, '2016-10-31 08:53:32', '2016-10-31 08:53:32'),
(351, 'BANK_BRI122', 0x61646d696e64756b, 21, 2, '2016-10-31 08:53:32', '2016-10-31 08:53:32'),
(352, 'BANK_BRI123', 0x61646d696e64756b, 21, 2, '2016-10-31 08:53:32', '2016-10-31 08:53:32'),
(353, 'BANK_BRI124', 0x61646d696e64756b, 21, 2, '2016-10-31 08:53:32', '2016-10-31 08:53:32'),
(354, 'BANK_BRI125', 0x61646d696e64756b, 21, 2, '2016-10-31 08:53:32', '2016-10-31 08:53:32'),
(355, 'BANK_BRI126', 0x61646d696e64756b, 21, 2, '2016-10-31 08:53:32', '2016-10-31 08:53:32'),
(356, 'BANK_BRI127', 0x61646d696e64756b, 21, 2, '2016-10-31 08:53:32', '2016-10-31 08:53:32'),
(361, 'BANK BTN', 0x61646d696e64756b, 12, 2, '2016-10-31 08:53:32', '2016-10-31 08:53:32'),
(381, 'BNI BANK1', 0x61646d696e64756b, 6, 2, '2016-10-31 08:53:32', '2016-10-31 08:53:32'),
(382, 'BNI BANK2', 0x61646d696e64756b, 6, 2, '2016-10-31 08:53:32', '2016-10-31 08:53:32'),
(401, 'DUKCAPIL KOTIM', 0x61646d696e64756b, 30, 2, '2016-10-31 08:53:31', '2016-10-31 08:53:31'),
(402, 'BNI BANK3', 0x61646d696e64756b, 6, 2, '2016-10-31 08:53:32', '2016-10-31 08:53:32'),
(421, 'BPPT', 0x61646d696e64756b, 31, 2, '2016-10-31 08:53:31', '2016-10-31 08:53:31'),
(441, 'TELKOMSIGMA', 0x61646d696e64756b, 32, 2, '2016-10-31 08:53:32', '2016-10-31 08:53:32'),
(442, 'CPILDNPSR1', 0x61646d696e64756b, 33, 2, '2016-10-31 08:53:31', '2016-10-31 08:53:31'),
(443, 'CPILDNPSR2', 0x61646d696e64756b, 33, 2, '2016-10-31 08:53:32', '2016-10-31 08:53:32'),
(461, 'ROPEM KALTENG', 0x61646d696e64756b, 34, 2, '2016-10-31 08:53:32', '2016-10-31 08:53:32'),
(481, 'BTN', 0x61646d696e64756b, 12, 2, '2016-10-31 08:53:32', '2016-10-31 08:53:32'),
(501, 'DUKCAPIL_KTBLITAR1', 0x61646d696e64756b, 35, 2, '2016-10-31 08:53:32', '2016-10-31 08:53:32'),
(502, 'DUKCAPIL_KTBLITAR2', 0x61646d696e64756b, 35, 2, '2016-10-31 08:53:32', '2016-10-31 08:53:32'),
(503, 'BANK BTN1', 0x61646d696e64756b, 12, 2, '2016-10-31 08:53:33', '2016-10-31 08:53:33'),
(504, 'BANK BTN2', 0x61646d696e64756b, 12, 2, '2016-10-31 08:53:33', '2016-10-31 08:53:33'),
(505, 'BANK BTN3', 0x61646d696e64756b, 12, 2, '2016-10-31 08:53:33', '2016-10-31 08:53:33'),
(521, 'TELKOMSEL1', 0x61646d696e64756b, 36, 2, '2016-10-31 08:53:33', '2016-10-31 08:53:33'),
(522, 'TELKOMSEL2', 0x61646d696e64756b, 36, 2, '2016-10-31 08:53:33', '2016-10-31 08:53:33'),
(541, 'BCA1', 0x61646d696e64756b, 4, 2, '2016-10-31 08:53:33', '2016-10-31 08:53:33'),
(542, 'BCA2', 0x61646d696e64756b, 4, 2, '2016-10-31 08:53:33', '2016-10-31 08:53:33'),
(543, 'BCA3', 0x61646d696e64756b, 4, 2, '2016-10-31 08:53:33', '2016-10-31 08:53:33'),
(544, 'BCA4', 0x61646d696e64756b, 4, 2, '2016-10-31 08:53:33', '2016-10-31 08:53:33'),
(545, 'BCA5', 0x61646d696e64756b, 4, 2, '2016-10-31 08:53:33', '2016-10-31 08:53:33'),
(546, 'BCA7', 0x61646d696e64756b, 4, 2, '2016-10-31 08:53:33', '2016-10-31 08:53:33'),
(547, 'BCA8', 0x61646d696e64756b, 4, 2, '2016-10-31 08:53:33', '2016-10-31 08:53:33'),
(548, 'BCA9', 0x61646d696e64756b, 4, 2, '2016-10-31 08:53:33', '2016-10-31 08:53:33'),
(549, 'BCA10', 0x61646d696e64756b, 4, 2, '2016-10-31 08:53:33', '2016-10-31 08:53:33'),
(561, 'BCA6', 0x61646d696e64756b, 4, 2, '2016-10-31 08:53:33', '2016-10-31 08:53:33'),
(562, 'DUKCAPIL_KTMGLNG10', 0x61646d696e64756b, 7, 2, '2016-10-31 08:53:33', '2016-10-31 08:53:33'),
(581, 'BNN1', 0x61646d696e64756b, 37, 2, '2016-10-31 08:53:31', '2016-10-31 08:53:31'),
(582, 'BNN2', 0x61646d696e64756b, 37, 2, '2016-10-31 08:53:29', '2016-10-31 08:53:29'),
(601, 'DUKCAPILKTPKLGN1', 0x61646d696e64756b, 38, 2, '2016-10-31 08:53:31', '2016-10-31 08:53:31'),
(602, 'DUKCAPILKTPKLGN2', 0x61646d696e64756b, 38, 2, '2016-10-31 08:53:33', '2016-10-31 08:53:33'),
(603, 'DUKCAPILKTPKLGN3', 0x61646d696e64756b, 38, 2, '2016-10-31 08:53:35', '2016-10-31 08:53:35'),
(641, 'DUKCAPILBYLALI_1', 0x61646d696e64756b, 40, 2, '2016-10-31 08:53:33', '2016-10-31 08:53:33'),
(642, 'DUKCAPILBYLALI_2', 0x61646d696e64756b, 40, 2, '2016-10-31 08:53:33', '2016-10-31 08:53:33'),
(643, 'DUKCAPILBYLALI_3', 0x61646d696e64756b, 40, 2, '2016-10-31 08:53:33', '2016-10-31 08:53:33'),
(644, 'DUKCAPILBYLALI_4', 0x61646d696e64756b, 40, 2, '2016-10-31 08:53:33', '2016-10-31 08:53:33'),
(645, 'KSEI', 0x61646d696e64756b, 39, 2, '2016-10-31 08:53:33', '2016-10-31 08:53:33'),
(671, 'BANKKALBAR_1', 0x243279243039246f693642635665664b692f344c424347686e4a71362e30314157547974656f5262684a52726f437a322f386558532f444757304743, 41, 2, '2016-11-14 08:31:36', '2016-11-14 08:31:36'),
(672, 'BANKKALBAR_2', 0x24327924303924446f564438324e54464a5a4f754e38754163714e6775564f773354563252596e557a412f31776b306a5262702e7155386838574236, 41, 2, '2016-11-14 08:32:19', '2016-11-14 08:32:19'),
(673, 'BANKKALBAR_3', 0x24327924303924784f7a7061706d6844757772623856644b455876327546444764795364366d6433706a7468324a6e2f63584f305576703337714e4f, 41, 2, '2016-11-14 08:33:19', '2016-11-14 08:33:19'),
(674, 'BANKKALBAR_4', 0x243279243039244c2f7538766a69727170595858627474796743564c4f5076593044562f7275517575785a436272757a7150342e5673577643314a2e, 41, 2, '2016-11-14 08:33:46', '2016-11-14 08:33:46'),
(675, 'BANKKALBAR_5', 0x243279243039246673467939575075573548765371327146564e4a444f2e3351752e334c4c6f78426d56766938436a306151643577426b443654794b, 41, 2, '2016-11-14 08:34:25', '2016-11-14 08:34:25'),
(681, 'DKCPLPURWRJ', 0x61646d696e64756b, 42, 2, '2016-10-31 08:53:33', '2016-10-31 08:53:33'),
(701, 'DKCPLSRAGEN', 0x61646d696e64756b, 43, 2, '2016-10-31 08:53:33', '2016-10-31 08:53:33'),
(721, 'BANK BNI-1', 0x61646d696e64756b, 6, 2, '2016-10-31 08:53:33', '2016-10-31 08:53:33'),
(722, 'BANK BNI-2', 0x243279243039244e2e5a4b4e6e686551504b344470376e634263596765585149333375534d42644a6d676459435637617258506f4831796761537947, 6, 2, '2016-12-30 10:56:59', '2016-12-30 10:56:59'),
(723, 'BANK BNI-3', 0x61646d696e64756b, 6, 2, '2016-10-31 08:53:34', '2016-10-31 08:53:34'),
(724, 'BANK BNI-4', 0x61646d696e64756b, 6, 2, '2016-10-31 08:53:34', '2016-10-31 08:53:34'),
(725, 'BANK BNI-5', 0x61646d696e64756b, 6, 2, '2016-10-31 08:53:34', '2016-10-31 08:53:34'),
(726, 'BANK BNI-6', 0x61646d696e64756b, 6, 2, '2016-10-31 08:53:34', '2016-10-31 08:53:34'),
(727, 'BANK BNI-7', 0x61646d696e64756b, 6, 2, '2016-10-31 08:53:34', '2016-10-31 08:53:34'),
(728, 'BANK BNI-8', 0x61646d696e64756b, 6, 2, '2016-10-31 08:53:34', '2016-10-31 08:53:34'),
(729, 'BANK BNI-9', 0x61646d696e64756b, 6, 2, '2016-10-31 08:53:34', '2016-10-31 08:53:34'),
(730, 'BANK BNI-10', 0x61646d696e64756b, 6, 2, '2016-10-31 08:53:34', '2016-10-31 08:53:34'),
(731, 'BANK BNI-11', 0x61646d696e64756b, 6, 2, '2016-10-31 08:53:34', '2016-10-31 08:53:34'),
(741, 'BANK BTN-1', 0x61646d696e64756b, 12, 2, '2016-10-31 08:53:35', '2016-10-31 08:53:35'),
(742, 'BANK BTN-2', 0x61646d696e64756b, 12, 2, '2016-10-31 08:53:34', '2016-10-31 08:53:34'),
(761, 'BPR-BMBKSARTHA-1', 0x24327924303924747a36447065544c6a4767735067507454646e756b4f4f703852336b436b4b614d64764f4630466359773875466e2e75706c73724f, 44, 2, '2016-11-01 09:44:51', '2016-10-31 08:53:35'),
(762, 'BPR-BMBKSARTHA-2', 0x243279243039246a656c6a4c556876346a7739612f436f56485a32372e55505247656a457a4954393456566c5535564831447561424464625a544547, 44, 2, '2016-11-01 09:50:03', '2016-10-31 08:53:35'),
(763, 'BPR-BMBKSARTHA-3', 0x24327924303924753754305973512f564348313057414d545a6c354b4f336b7246734249505944354b7979797a4d52456a776d565574572e576e5965, 44, 2, '2016-11-01 09:50:26', '2016-10-31 08:53:35'),
(764, 'BPR-BMBKSARTHA-4', 0x243279243039247a662f6556532f6b6a2f5a535a532f5437734e386a75487a443630375646722f69654563612f48666374706670713456546f517232, 44, 2, '2016-11-01 09:50:50', '2016-10-31 08:53:34'),
(765, 'BPR-BMBKSARTHA-5', 0x61646d696e64756b, 44, 2, '2016-10-31 08:53:34', '2016-10-31 08:53:34'),
(766, 'BPR-BMBKSARTHA-6', 0x61646d696e64756b, 44, 2, '2016-10-31 08:53:34', '2016-10-31 08:53:34'),
(767, 'BPR-BMBKSARTHA-7', 0x61646d696e64756b, 44, 2, '2016-10-31 08:53:34', '2016-10-31 08:53:34'),
(768, 'BPR-BMBKSARTHA-8', 0x61646d696e64756b, 44, 2, '2016-10-31 08:53:34', '2016-10-31 08:53:34'),
(769, 'BPR-BMBKSARTHA-9', 0x61646d696e64756b, 44, 2, '2016-10-31 08:53:34', '2016-10-31 08:53:34'),
(770, 'BPR-BMBKSARTHA-10', 0x61646d696e64756b, 44, 2, '2016-10-31 08:53:34', '2016-10-31 08:53:34'),
(771, 'BPR-BMBKSARTHA-11', 0x61646d696e64756b, 44, 2, '2016-10-31 08:53:34', '2016-10-31 08:53:34'),
(772, 'BPR-BMBKSARTHA-12', 0x61646d696e64756b, 44, 2, '2016-10-31 08:53:34', '2016-10-31 08:53:34'),
(773, 'BPR-BMBKSARTHA-13', 0x61646d696e64756b, 44, 2, '2016-10-31 08:53:34', '2016-10-31 08:53:34'),
(774, 'BPR-BMBKSARTHA-14', 0x61646d696e64756b, 44, 2, '2016-10-31 08:53:34', '2016-10-31 08:53:34'),
(775, 'BPR-BMBKSARTHA-15', 0x61646d696e64756b, 44, 2, '2016-10-31 08:53:34', '2016-10-31 08:53:34'),
(776, 'BPR-BMBKSARTHA-16', 0x61646d696e64756b, 44, 2, '2016-10-31 08:53:34', '2016-10-31 08:53:34'),
(777, 'BPR-BMBKSARTHA-17', 0x61646d696e64756b, 44, 2, '2016-10-31 08:53:34', '2016-10-31 08:53:34'),
(778, 'BPR-BMBKSARTHA-18', 0x61646d696e64756b, 44, 2, '2016-10-31 08:53:34', '2016-10-31 08:53:34'),
(779, 'BPR-BMBKSARTHA-19', 0x61646d696e64756b, 44, 2, '2016-10-31 08:53:34', '2016-10-31 08:53:34'),
(780, 'BPR-BMBKSARTHA-20', 0x61646d696e64756b, 44, 2, '2016-10-31 08:53:34', '2016-10-31 08:53:34'),
(781, 'BPR-ARTAPERSADA-1', 0x24327924303924433350664551777366305443357256494d4a6e306e2e2f2e6656534f5234714c347932735a336b36695a554f645341774c45384e75, 45, 2, '2016-11-01 09:43:48', '2016-10-31 08:53:34'),
(782, 'BPR-ARTAPERSADA-2', 0x24327924303924747a36447065544c6a4767735067507454646e756b4f4f703852336b436b4b614d64764f4630466359773875466e2e75706c73724f, 45, 2, '2016-11-01 09:44:22', '2016-10-31 08:53:34'),
(783, 'BPR-KARYAJATNIKA-1', 0x24327924303924787830305645424a4762547949775747334633634c75333443634c535035314d775251684970463056694b315535314b65476f7047, 46, 2, '2016-11-01 09:42:59', '2016-10-31 08:53:34'),
(784, 'bagabobss', 0x24327924303924366274744237633742613172722f6d724f4949496c75493659616c6d3953465950597647636d6e736a626769333059584b66574b2e, 1, 2, '2016-10-05 04:06:28', '2016-10-05 04:06:28'),
(785, 'OCBCNISP-1', 0x2432792430392479344f59364669496c4f6e6642427a594f3534447a2e4f61615a30523479754c374162722e575171355a346f2f44477a2e496b7279, 47, 2, '2016-10-11 14:21:09', '2016-10-11 14:21:09'),
(786, 'OCBCNISP-2', 0x24327924303924577a61486f62614d64316973466d6170363834796a4f717a6662614739705a534d7233483336634a42657a4776625a707438714c36, 47, 2, '2016-10-11 14:21:28', '2016-10-11 14:21:28'),
(787, 'DUKCPLKTBANJAR-1', 0x24327924303924736566424e4a5352694363797572516a4a634778372e424176496d43304b38444f7a30587654444c4341544a537850346762336957, 48, 2, '2016-10-10 03:12:36', '2016-10-10 03:12:36'),
(788, 'TRIMEGAH', 0x24327924303924394d46646a382e6736594f487550784d706e516c6d65354879567144614b71416c53375554612e6a78773948524158314255433332, 49, 2, '2016-10-10 08:40:28', '2016-10-10 08:40:28'),
(789, 'BPR-DANA-KS', 0x24327924303924412f353064414b304e2e45645837743355455a6b634f696f35776d456267566263626c5269654e354c2f416d754f3055624d457043, 8, 2, '2016-10-12 12:12:13', '2016-10-12 12:12:13'),
(790, 'BANKRIAU', 0x24327924303924567a72556e624a4d304b7a74382f4d7676625158532e2f2e5474516b78725653376e43654a49664e616e714b4b69423173532e6f53, 51, 2, '2016-10-19 02:23:01', '2016-10-19 02:23:01'),
(791, 'KORLANTAS-1', 0x24327924303924716b646c7772766550594b4d317461647657395948657633436b372f50757339494f796444364a545066656a30676a473369677836, 52, 2, '2016-10-28 04:55:21', '2016-10-28 04:55:21'),
(792, 'BPJSTENAGAKERJA-1', 0x243279243039244c7061675a6a742e78684f6c43652e776f717767662e4d505243746b325958746a776d79557241527176356269417474382f4c7179, 3, 2, '2016-11-14 08:54:00', '2016-11-14 08:54:00'),
(793, 'BPJSTENAGAKERJA-2', 0x243279243039246473525a4a366f746c7758544e672e2f724967652e4f524a454536543258634d43594a6e65732e3247684a39726d346665477a6143, 3, 2, '2016-11-14 08:54:33', '2016-11-14 08:54:33'),
(794, 'BPJSTENAGAKERJA-3', 0x243279243039245432473836326738796d336d5170733662754e5077756136533567446c6b6e63766b524c7a514443496b6a654d773142386b763379, 3, 2, '2016-11-14 08:55:11', '2016-11-14 08:55:11'),
(795, 'BPJSTENAGAKERJA-4', 0x24327924303924534a566c5a70467766584d6f7335305a7259596a417572544b3952414a47347a78506b5365367156304e796c7430432e387261424f, 3, 2, '2016-11-14 08:55:39', '2016-11-14 08:55:39'),
(796, 'BPJSTENAGAKERJA-5', 0x243279243039247859484e764e6e624c644e3669326531655a69573075444373695570646145364e773857485164466d7746544171314139794a686d, 3, 2, '2016-11-14 08:56:07', '2016-11-14 08:56:07'),
(797, 'BPJSTENAGAKERJA-6', 0x243279243039246143336b4f4c364f38547a554c306b6b4c697832566575616b6d566f31316c54377235546f7143783949354d4d794446344c4d4f43, 3, 2, '2016-11-14 08:56:48', '2016-11-14 08:56:48'),
(798, 'BPJSTENAGAKERJA-7', 0x243279243039245a556132334c4334612e4f6f346f6b4f3768322e584f76353951442f5830353446666667516a2e4e4e6d574e716157707255716379, 3, 2, '2016-11-14 08:57:30', '2016-11-14 08:57:30'),
(799, 'BPJSTENAGAKERJA-8', 0x243279243039246563334c327a395664634b4574677733653076372f75684e30713170426c6b592f44326d69787737706547654744584e7448524c69, 3, 2, '2016-11-14 08:58:07', '2016-11-14 08:58:07'),
(800, 'BPJSTENAGAKERJA-9', 0x243279243039245341664743626331463259464a716844667575413575366d445263384834797167503479317631364a465879572e32484d6335552e, 3, 2, '2016-11-14 08:58:41', '2016-11-14 08:58:41'),
(801, 'BPJSTENAGAKERJA-10', 0x24327924303924445872447a427462785a4c7066347a5630446565507561483141556658766e547069725443536130495442592f2e634a2e77704469, 3, 2, '2016-11-14 08:59:15', '2016-11-14 08:59:15'),
(802, 'DUKCPLNIAS', 0x24327924303924666d516963344361484c486e5457625a664f5542684f3767496e4f6a7847706174324a776630445150476a757861724e39794e4532, 53, 2, '2016-11-17 06:47:59', '2016-11-17 06:47:59'),
(803, 'SEKDAJABAR', 0x24327924303924664953345a544e69784546557734586136777671434f684c5a4a7a763850546b4c354b734d672f666d2e6b74466733433451425036, 54, 2, '2016-11-21 09:21:03', '2016-11-21 09:21:03'),
(804, 'DUKCPLKABMLG', 0x243279243039244e4736427030775561724643497045796b43425270656179444d6a4d6d6b6f752f6848796f66704a46636d5a7a4273434673573836, 55, 2, '2016-12-22 07:00:12', '2016-12-22 07:00:12'),
(805, 'KSEIJAN17', 0x243279243039246a2f372f43526574584f702f66694a504951524f78656a644d6f334a304a77306c41385932384b6c672e3773533141626c5a322e36, 39, 2, '2017-01-19 08:31:16', '2017-01-19 08:31:16'),
(806, 'DUKCPLSALATIGA', 0x243279243039246754772f614a444c664b5752397563464f364e7339756f65472e753959394373636c5054474a2f75364c30306241625355354c706d, 57, 2, '2017-01-31 04:16:14', '2017-01-31 04:16:14'),
(807, 'DUKCPLLEBAK', 0x2432792430392467454a545449376f79372e63716c376a6477432f374f43326e73476e38357831756c7737376c4344712e394e7a50456b3158704471, 58, 2, '2017-02-21 04:20:40', '2017-02-21 04:20:40'),
(808, 'DUKCPLSURAKARTA', 0x243279243039244d5a573566464e44637271554b6d567342466439746549616971666d6e646f3677436763794d65752f566c5332466937367963516d, 59, 2, '2017-02-27 07:06:10', '2017-02-27 07:06:10'),
(809, 'DUKCPLJEPARA', 0x243279243039245848377645734c737652795039657a494d324f50554f64736c3371306f474e79446930523873745665793468323467475962623853, 60, 2, '2017-03-17 05:50:33', '2017-03-17 05:50:33');

--
-- Indexes for dumped tables
--

--
-- Indexes for table `institusi`
--
ALTER TABLE `institusi`
  ADD UNIQUE KEY `id_institusi` (`id_institusi`),
  ADD KEY `fk_institusi_1_idx` (`id_jenis_institusi`);

--
-- Indexes for table `jenis_institusi`
--
ALTER TABLE `jenis_institusi`
  ADD PRIMARY KEY (`id_jenis_institusi`),
  ADD UNIQUE KEY `jenis_institusicol_UNIQUE` (`jenis_institusi`);

--
-- Indexes for table `jenis_user`
--
ALTER TABLE `jenis_user`
  ADD PRIMARY KEY (`id_jenis_user`);

--
-- Indexes for table `sam_license`
--
ALTER TABLE `sam_license`
  ADD PRIMARY KEY (`id_sam_license`),
  ADD UNIQUE KEY `sam_id_UNIQUE` (`sam_id`),
  ADD KEY `fk_sam_license_1_idx` (`id_user_license`);

--
-- Indexes for table `user_license`
--
ALTER TABLE `user_license`
  ADD PRIMARY KEY (`id_user_license`),
  ADD UNIQUE KEY `user_licensecol_UNIQUE` (`nama_user`),
  ADD KEY `fk_user_license_1_idx` (`id_institusi`),
  ADD KEY `fk_user_license_2_idx` (`id_jenis_user`);

--
-- AUTO_INCREMENT for dumped tables
--

--
-- AUTO_INCREMENT for table `jenis_institusi`
--
ALTER TABLE `jenis_institusi`
  MODIFY `id_jenis_institusi` int(11) NOT NULL AUTO_INCREMENT, AUTO_INCREMENT=12;
--
-- AUTO_INCREMENT for table `jenis_user`
--
ALTER TABLE `jenis_user`
  MODIFY `id_jenis_user` int(11) NOT NULL AUTO_INCREMENT, AUTO_INCREMENT=3;
--
-- AUTO_INCREMENT for table `sam_license`
--
ALTER TABLE `sam_license`
  MODIFY `id_sam_license` int(20) NOT NULL AUTO_INCREMENT, AUTO_INCREMENT=1159;
--
-- AUTO_INCREMENT for table `user_license`
--
ALTER TABLE `user_license`
  MODIFY `id_user_license` int(11) NOT NULL AUTO_INCREMENT, AUTO_INCREMENT=810;
--
-- Constraints for dumped tables
--

--
-- Constraints for table `institusi`
--
ALTER TABLE `institusi`
  ADD CONSTRAINT `fk_institusi_1` FOREIGN KEY (`id_jenis_institusi`) REFERENCES `jenis_institusi` (`id_jenis_institusi`) ON DELETE NO ACTION ON UPDATE NO ACTION;

--
-- Constraints for table `sam_license`
--
ALTER TABLE `sam_license`
  ADD CONSTRAINT `fk_sam_license_1` FOREIGN KEY (`id_user_license`) REFERENCES `user_license` (`id_user_license`) ON DELETE NO ACTION ON UPDATE NO ACTION;

--
-- Constraints for table `user_license`
--
ALTER TABLE `user_license`
  ADD CONSTRAINT `fk_user_license_1` FOREIGN KEY (`id_institusi`) REFERENCES `institusi` (`id_institusi`) ON DELETE NO ACTION ON UPDATE NO ACTION,
  ADD CONSTRAINT `fk_user_license_2` FOREIGN KEY (`id_jenis_user`) REFERENCES `jenis_user` (`id_jenis_user`) ON DELETE NO ACTION ON UPDATE NO ACTION;

/*!40101 SET CHARACTER_SET_CLIENT=@OLD_CHARACTER_SET_CLIENT */;
/*!40101 SET CHARACTER_SET_RESULTS=@OLD_CHARACTER_SET_RESULTS */;
/*!40101 SET COLLATION_CONNECTION=@OLD_COLLATION_CONNECTION */;
